songID,genre,tempo,tempoHarmonic,tempoPercussive,onBeat,onBeatHarmonic,onBeatPercussive
1,blues,123.046875,123.046875,123.046875,0.2192546,0.17367712,0.17586145
2,blues,67.99958881578948,67.99958881578948,67.99958881578948,0.3010492,0.21695179,0.2541021
3,blues,161.4990234375,161.4990234375,161.4990234375,0.18650076,0.13914104,0.15376088
4,blues,63.02400914634146,172.265625,63.02400914634146,0.4135903,0.13643798,0.3227812
5,blues,135.99917763157896,135.99917763157896,135.99917763157896,0.21058674,0.19011824,0.16581222
6,blues,69.83741554054055,69.83741554054055,69.83741554054055,0.3274199,0.18868668,0.25905806
7,blues,71.77734375,135.99917763157896,71.77734375,0.29710028,0.18035579,0.25230637
8,blues,92.28515625,95.703125,92.28515625,0.2932088,0.21740183,0.23096997
9,blues,83.35433467741936,83.35433467741936,83.35433467741936,0.29293963,0.18690225,0.2131121
10,blues,80.74951171875,198.76802884615384,83.35433467741936,0.24253215,0.09705136,0.19169447
11,blues,161.4990234375,161.4990234375,161.4990234375,0.22402988,0.19066656,0.18925327
12,blues,161.4990234375,161.4990234375,161.4990234375,0.20799805,0.16744412,0.17152667
13,blues,184.5703125,184.5703125,92.28515625,0.21080464,0.14238702,0.21275868
14,blues,107.666015625,198.76802884615384,107.666015625,0.20086944,0.13993512,0.18232943
15,blues,151.99908088235293,151.99908088235293,151.99908088235293,0.21152039,0.14449747,0.15983838
16,blues,99.38401442307692,103.359375,99.38401442307692,0.21898699,0.22874425,0.19454503
17,blues,198.76802884615384,99.38401442307692,198.76802884615384,0.17722093,0.1671714,0.1561934
18,blues,172.265625,184.5703125,161.4990234375,0.19201553,0.13076334,0.16715226
19,blues,83.35433467741936,83.35433467741936,83.35433467741936,0.3102936,0.29239482,0.24315876
20,blues,123.046875,123.046875,123.046875,0.19895843,0.18918632,0.16122198
21,blues,135.99917763157896,135.99917763157896,135.99917763157896,0.16906051,0.15608686,0.14854136
22,blues,99.38401442307692,99.38401442307692,99.38401442307692,0.253468,0.1832466,0.21460836
23,blues,95.703125,99.38401442307692,95.703125,0.23437242,0.19233216,0.19760525
24,blues,184.5703125,184.5703125,95.703125,0.18468107,0.1353508,0.18089259
25,blues,103.359375,103.359375,103.359375,0.21363764,0.21224108,0.18277481
26,blues,92.28515625,184.5703125,92.28515625,0.22537743,0.14449143,0.20095752
27,blues,83.35433467741936,215.33203125,83.35433467741936,0.35818696,0.18340056,0.2754846
28,blues,92.28515625,92.28515625,95.703125,0.27683964,0.2677821,0.20586532
29,blues,103.359375,107.666015625,103.359375,0.22560947,0.22991692,0.18989143
30,blues,129.19921875,135.99917763157896,129.19921875,0.19391774,0.13755856,0.16571821
31,blues,151.99908088235293,112.34714673913044,151.99908088235293,0.15817127,0.17470863,0.13019398
32,blues,151.99908088235293,78.30255681818181,151.99908088235293,0.1602087,0.23833582,0.13873357
33,blues,143.5546875,123.046875,129.19921875,0.1933815,0.18937798,0.17949961
34,blues,151.99908088235293,161.4990234375,151.99908088235293,0.1627843,0.14179961,0.14299527
35,blues,184.5703125,95.703125,184.5703125,0.14476164,0.17033209,0.13265893
36,blues,129.19921875,129.19921875,129.19921875,0.20895101,0.15257162,0.16721584
37,blues,151.99908088235293,151.99908088235293,151.99908088235293,0.16215472,0.14397599,0.13253784
38,blues,123.046875,129.19921875,123.046875,0.24543619,0.20630322,0.17408569
39,blues,86.1328125,129.19921875,86.1328125,0.26920283,0.173627,0.18618257
40,blues,117.45383522727273,117.45383522727273,117.45383522727273,0.24769187,0.28416204,0.18056676
41,blues,172.265625,112.34714673913044,172.265625,0.15322515,0.12744576,0.14365713
42,blues,129.19921875,129.19921875,129.19921875,0.21215047,0.1859095,0.20374025
43,blues,89.10290948275862,172.265625,89.10290948275862,0.2959435,0.18219155,0.21514836
44,blues,129.19921875,129.19921875,129.19921875,0.17549805,0.17225319,0.16994716
45,blues,135.99917763157896,135.99917763157896,135.99917763157896,0.15084216,0.12354378,0.13645661
46,blues,129.19921875,129.19921875,129.19921875,0.19533403,0.13976067,0.16977894
47,blues,123.046875,123.046875,123.046875,0.294298,0.1692004,0.22903849
48,blues,151.99908088235293,143.5546875,151.99908088235293,0.24555914,0.1835764,0.19894357
49,blues,123.046875,123.046875,123.046875,0.20346482,0.1926513,0.1908214
50,blues,123.046875,123.046875,123.046875,0.3535538,0.25441763,0.27277136
51,blues,135.99917763157896,135.99917763157896,135.99917763157896,0.21384233,0.15771335,0.17498726
52,blues,99.38401442307692,99.38401442307692,99.38401442307692,0.3008177,0.19961096,0.23912065
53,blues,151.99908088235293,49.69200721153846,151.99908088235293,0.26498565,0.32099044,0.20351031
54,blues,103.359375,103.359375,103.359375,0.28997636,0.17180882,0.22910509
55,blues,89.10290948275862,89.10290948275862,89.10290948275862,0.1989815,0.14333822,0.1683012
56,blues,135.99917763157896,129.19921875,135.99917763157896,0.20030923,0.1436713,0.20075259
57,blues,161.4990234375,151.99908088235293,161.4990234375,0.27193397,0.17584103,0.19896504
58,blues,92.28515625,92.28515625,92.28515625,0.30595678,0.19248028,0.23301783
59,blues,107.666015625,107.666015625,107.666015625,0.32701924,0.20016697,0.24208795
60,blues,107.666015625,107.666015625,107.666015625,0.24926516,0.18618008,0.20224106
61,blues,151.99908088235293,73.828125,151.99908088235293,0.1771772,0.17657761,0.15429926
62,blues,129.19921875,129.19921875,129.19921875,0.177651,0.1311543,0.16219632
63,blues,112.34714673913044,112.34714673913044,112.34714673913044,0.27023613,0.18177,0.21987425
64,blues,92.28515625,92.28515625,92.28515625,0.27438828,0.15948401,0.20700224
65,blues,78.30255681818181,103.359375,78.30255681818181,0.26848876,0.11726133,0.24561739
66,blues,107.666015625,107.666015625,107.666015625,0.22098476,0.15413909,0.17394379
67,blues,161.4990234375,161.4990234375,161.4990234375,0.20496117,0.14208129,0.16663802
68,blues,161.4990234375,107.666015625,161.4990234375,0.15447773,0.14428121,0.15066186
69,blues,161.4990234375,107.666015625,161.4990234375,0.15873806,0.1269925,0.13814697
70,blues,78.30255681818181,117.45383522727273,78.30255681818181,0.2327904,0.15198013,0.19582656
71,blues,143.5546875,143.5546875,143.5546875,0.2128849,0.1621096,0.17070027
72,blues,73.828125,143.5546875,73.828125,0.2644328,0.1162146,0.2357825
73,blues,103.359375,103.359375,103.359375,0.30818084,0.17324829,0.24775232
74,blues,99.38401442307692,99.38401442307692,99.38401442307692,0.19823495,0.1448631,0.17516367
75,blues,112.34714673913044,112.34714673913044,112.34714673913044,0.237074,0.14888707,0.18084742
76,blues,117.45383522727273,117.45383522727273,117.45383522727273,0.2143166,0.14160508,0.1707746
77,blues,117.45383522727273,117.45383522727273,117.45383522727273,0.24546592,0.1791816,0.20766968
78,blues,99.38401442307692,73.828125,99.38401442307692,0.18650818,0.18565826,0.15962519
79,blues,123.046875,161.4990234375,123.046875,0.1350518,0.11903574,0.12414979
80,blues,78.30255681818181,78.30255681818181,161.4990234375,0.19628236,0.14919555,0.14141649
81,blues,117.45383522727273,117.45383522727273,117.45383522727273,0.24393538,0.13748032,0.20929118
82,blues,103.359375,103.359375,103.359375,0.19161417,0.1322356,0.17162968
83,blues,123.046875,123.046875,123.046875,0.20442663,0.15976338,0.16195188
84,blues,135.99917763157896,135.99917763157896,135.99917763157896,0.14834006,0.17063117,0.15008347
85,blues,112.34714673913044,112.34714673913044,112.34714673913044,0.17736955,0.14253028,0.16803348
86,blues,143.5546875,143.5546875,143.5546875,0.2011366,0.14192787,0.17253755
87,blues,123.046875,123.046875,123.046875,0.26345435,0.14804703,0.22933836
88,blues,172.265625,86.1328125,86.1328125,0.20868745,0.18322977,0.2237547
89,blues,172.265625,172.265625,172.265625,0.18008706,0.14983597,0.16289541
90,blues,107.666015625,92.28515625,112.34714673913044,0.28870603,0.5013885,0.21382396
91,blues,143.5546875,143.5546875,143.5546875,0.23623498,0.1408192,0.19530344
92,blues,63.02400914634146,123.046875,123.046875,0.42576322,0.14398135,0.20603614
93,blues,83.35433467741936,129.19921875,83.35433467741936,0.3335306,0.20938443,0.24157067
94,blues,58.72691761363637,143.5546875,58.72691761363637,0.67048997,0.39598647,0.4481644
95,blues,103.359375,99.38401442307692,103.359375,0.25879338,0.19801737,0.20204487
96,blues,135.99917763157896,112.34714673913044,135.99917763157896,0.17521544,0.13630916,0.15693615
97,blues,143.5546875,117.45383522727273,143.5546875,0.18783508,0.19011225,0.15904479
98,blues,117.45383522727273,117.45383522727273,117.45383522727273,0.20798871,0.16830721,0.16711767
99,blues,123.046875,123.046875,123.046875,0.28708333,0.16967921,0.24732693
100,blues,92.28515625,215.33203125,92.28515625,0.3648777,0.09258054,0.28144324
101,classical,95.703125,95.703125,95.703125,0.23240505,0.2257909,0.18324338
102,classical,112.34714673913044,117.45383522727273,112.34714673913044,0.3125312,0.27035466,0.24785393
103,classical,99.38401442307692,99.38401442307692,99.38401442307692,0.21218264,0.1778315,0.17845172
104,classical,71.77734375,66.25600961538461,151.99908088235293,0.3159925,0.29538354,0.17103855
105,classical,161.4990234375,80.74951171875,161.4990234375,0.19121595,0.2057069,0.14901057
106,classical,143.5546875,143.5546875,143.5546875,0.208149,0.17188458,0.17238389
107,classical,99.38401442307692,99.38401442307692,99.38401442307692,0.24463691,0.23409449,0.22427578
108,classical,215.33203125,71.77734375,107.666015625,0.16638127,0.29549196,0.1618305
109,classical,135.99917763157896,135.99917763157896,135.99917763157896,0.22162828,0.19049457,0.17816968
110,classical,234.90767045454547,172.265625,151.99908088235293,0.103557184,0.13968329,0.1319107
111,classical,103.359375,103.359375,103.359375,0.25641575,0.22720608,0.1978057
112,classical,151.99908088235293,143.5546875,151.99908088235293,0.2708989,0.25757077,0.22968577
113,classical,95.703125,151.99908088235293,92.28515625,0.22922418,0.25424665,0.18147726
114,classical,129.19921875,135.99917763157896,129.19921875,0.22414912,0.18568718,0.22104104
115,classical,143.5546875,73.828125,143.5546875,0.20298795,0.40058038,0.20305316
116,classical,83.35433467741936,89.10290948275862,83.35433467741936,0.19230017,0.24994977,0.17848653
117,classical,99.38401442307692,99.38401442307692,99.38401442307692,0.31690246,0.23922157,0.28473216
118,classical,89.10290948275862,89.10290948275862,117.45383522727273,0.20917423,0.22401746,0.13218424
119,classical,161.4990234375,161.4990234375,151.99908088235293,0.1680453,0.14791374,0.16136348
120,classical,184.5703125,184.5703125,95.703125,0.12537916,0.13145487,0.16812381
121,classical,143.5546875,143.5546875,143.5546875,0.18890655,0.15971626,0.18636106
122,classical,135.99917763157896,135.99917763157896,135.99917763157896,0.16889353,0.16230333,0.16276625
123,classical,107.666015625,112.34714673913044,107.666015625,0.25481018,0.27185196,0.17594744
124,classical,95.703125,95.703125,95.703125,0.16467872,0.17936042,0.17502041
125,classical,151.99908088235293,151.99908088235293,151.99908088235293,0.21521258,0.1864622,0.20366317
126,classical,129.19921875,66.25600961538461,129.19921875,0.18204431,0.21645477,0.16903935
127,classical,161.4990234375,129.19921875,151.99908088235293,0.16692667,0.1611591,0.15400416
128,classical,135.99917763157896,151.99908088235293,143.5546875,0.14159033,0.13332358,0.16043927
129,classical,161.4990234375,161.4990234375,161.4990234375,0.22734372,0.19717684,0.20019905
130,classical,135.99917763157896,69.83741554054055,135.99917763157896,0.20750996,0.3063715,0.19565065
131,classical,117.45383522727273,117.45383522727273,117.45383522727273,0.19453213,0.22290242,0.15962595
132,classical,112.34714673913044,107.666015625,112.34714673913044,0.21609497,0.29017997,0.19673927
133,classical,103.359375,135.99917763157896,135.99917763157896,0.17240375,0.16890964,0.13493705
134,classical,143.5546875,184.5703125,95.703125,0.39558747,0.40498182,0.19626552
135,classical,123.046875,129.19921875,135.99917763157896,0.15190344,0.14147553,0.13447419
136,classical,151.99908088235293,151.99908088235293,151.99908088235293,0.26618552,0.2709126,0.22794797
137,classical,107.666015625,184.5703125,86.1328125,0.1811854,0.16172175,0.16149388
138,classical,161.4990234375,161.4990234375,161.4990234375,0.19041756,0.17952152,0.19830854
139,classical,151.99908088235293,151.99908088235293,151.99908088235293,0.24047342,0.1591068,0.18658309
140,classical,161.4990234375,161.4990234375,129.19921875,0.16726194,0.18629321,0.14526115
141,classical,117.45383522727273,161.4990234375,112.34714673913044,0.23726009,0.13002823,0.24566261
142,classical,123.046875,184.5703125,123.046875,0.19308893,0.10001052,0.17652221
143,classical,198.76802884615384,198.76802884615384,198.76802884615384,0.15564181,0.12016724,0.1491209
144,classical,129.19921875,129.19921875,123.046875,0.27303317,0.19908917,0.23588854
145,classical,80.74951171875,123.046875,80.74951171875,0.23623389,0.1591986,0.17980155
146,classical,184.5703125,95.703125,184.5703125,0.25135326,0.27973616,0.20060936
147,classical,129.19921875,172.265625,129.19921875,0.2581677,0.111335985,0.22220735
148,classical,123.046875,151.99908088235293,143.5546875,0.11254423,0.1203899,0.12447967
149,classical,172.265625,151.99908088235293,161.4990234375,0.15475379,0.13414516,0.1332889
150,classical,103.359375,99.38401442307692,143.5546875,0.1299406,0.11467102,0.12424934
151,classical,107.666015625,135.99917763157896,112.34714673913044,0.12501535,0.12725346,0.11983106
152,classical,135.99917763157896,143.5546875,135.99917763157896,0.21721147,0.15705627,0.13497014
153,classical,161.4990234375,161.4990234375,161.4990234375,0.17495146,0.12354426,0.16093437
154,classical,215.33203125,107.666015625,215.33203125,0.17867738,0.19110397,0.16432555
155,classical,95.703125,135.99917763157896,95.703125,0.14568321,0.12189497,0.16120757
156,classical,78.30255681818181,151.99908088235293,78.30255681818181,0.31136617,0.43140152,0.19976918
157,classical,95.703125,95.703125,95.703125,0.15923662,0.114833295,0.16418159
158,classical,107.666015625,107.666015625,103.359375,0.20773892,0.14711623,0.2001473
159,classical,143.5546875,151.99908088235293,107.666015625,0.11176672,0.10815585,0.1384271
160,classical,117.45383522727273,117.45383522727273,117.45383522727273,0.18775965,0.14581758,0.16919976
161,classical,123.046875,123.046875,123.046875,0.16677327,0.13975804,0.16038539
162,classical,151.99908088235293,151.99908088235293,151.99908088235293,0.19510163,0.17371745,0.1750745
163,classical,89.10290948275862,95.703125,89.10290948275862,0.6761799,0.38593328,0.5560563
164,classical,95.703125,184.5703125,95.703125,0.4511873,2.8409028,0.28254166
165,classical,89.10290948275862,198.76802884615384,89.10290948275862,0.40543318,0.7701506,0.30491263
166,classical,123.046875,129.19921875,123.046875,0.25005034,0.33662686,0.17975183
167,classical,135.99917763157896,73.828125,135.99917763157896,0.27819645,0.3140511,0.18313861
168,classical,143.5546875,151.99908088235293,135.99917763157896,1.0929097,1.1968607,0.21976298
169,classical,83.35433467741936,83.35433467741936,83.35433467741936,0.2507264,0.17979886,0.21122476
170,classical,69.83741554054055,67.99958881578948,69.83741554054055,0.31893885,0.3138383,0.2557422
171,classical,161.4990234375,172.265625,161.4990234375,0.21520688,0.15719743,0.20086834
172,classical,143.5546875,143.5546875,143.5546875,0.20394693,0.1822177,0.17283052
173,classical,117.45383522727273,117.45383522727273,117.45383522727273,0.27075297,0.22452983,0.24277951
174,classical,129.19921875,129.19921875,129.19921875,0.2816463,0.1764751,0.24444951
175,classical,161.4990234375,80.74951171875,161.4990234375,0.19974543,0.20246148,0.17381862
176,classical,117.45383522727273,161.4990234375,117.45383522727273,0.18489821,0.13478407,0.17439826
177,classical,172.265625,86.1328125,172.265625,0.16224198,0.21644108,0.1441754
178,classical,161.4990234375,161.4990234375,161.4990234375,0.28854996,0.21245633,0.20785435
179,classical,67.99958881578948,73.828125,67.99958881578948,1.0376551,1.4036106,0.59891224
180,classical,143.5546875,215.33203125,107.666015625,0.24802053,0.3783106,0.18953396
181,classical,143.5546875,161.4990234375,117.45383522727273,0.15052591,0.15819561,0.1347662
182,classical,151.99908088235293,135.99917763157896,143.5546875,0.122740135,0.122082144,0.153146
183,classical,117.45383522727273,107.666015625,112.34714673913044,0.20252946,0.16270621,0.17960568
184,classical,117.45383522727273,129.19921875,80.74951171875,0.1971443,0.23590663,0.18761794
185,classical,112.34714673913044,112.34714673913044,112.34714673913044,0.4161799,0.24157706,0.32151142
186,classical,107.666015625,107.666015625,107.666015625,0.19476299,0.14986178,0.18555556
187,classical,99.38401442307692,198.76802884615384,99.38401442307692,0.20835744,0.15084359,0.19222942
188,classical,123.046875,135.99917763157896,129.19921875,0.18366446,0.14650573,0.15280451
189,classical,103.359375,107.666015625,103.359375,0.17723873,0.15437484,0.15133289
190,classical,99.38401442307692,95.703125,95.703125,0.24419077,0.19535962,0.20419511
191,classical,95.703125,99.38401442307692,112.34714673913044,0.207591,0.20875578,0.14508979
192,classical,92.28515625,92.28515625,92.28515625,0.28650334,0.25579822,0.19796567
193,classical,95.703125,71.77734375,95.703125,0.19193645,0.3422599,0.17474857
194,classical,135.99917763157896,69.83741554054055,135.99917763157896,0.2309018,0.29008052,0.17599863
195,classical,184.5703125,184.5703125,151.99908088235293,0.10864859,0.0929891,0.13552648
196,classical,86.1328125,92.28515625,86.1328125,0.17732157,0.23232889,0.17189397
197,classical,135.99917763157896,135.99917763157896,135.99917763157896,0.1772491,0.15963228,0.17752406
198,classical,103.359375,103.359375,103.359375,0.23591855,0.20703965,0.19320728
199,classical,184.5703125,95.703125,184.5703125,0.21386807,0.21170747,0.18299222
200,classical,95.703125,86.1328125,95.703125,0.36614043,0.3418093,0.26396975
201,country,86.1328125,83.35433467741936,86.1328125,0.27085516,0.19090655,0.21702228
202,country,129.19921875,129.19921875,129.19921875,0.23501341,0.13809863,0.1914023
203,country,83.35433467741936,83.35433467741936,83.35433467741936,0.24221872,0.23224391,0.19874933
204,country,161.4990234375,80.74951171875,161.4990234375,0.25072473,0.24908955,0.20588206
205,country,117.45383522727273,117.45383522727273,117.45383522727273,0.25052053,0.14929554,0.2112674
206,country,129.19921875,129.19921875,129.19921875,0.24217382,0.11672153,0.20146005
207,country,112.34714673913044,112.34714673913044,112.34714673913044,0.24217401,0.13777323,0.20712359
208,country,103.359375,103.359375,103.359375,0.22584085,0.16061847,0.20981778
209,country,66.25600961538461,129.19921875,129.19921875,0.40085015,0.1761166,0.22349823
210,country,95.703125,95.703125,95.703125,0.20063154,0.13056247,0.18364675
211,country,80.74951171875,80.74951171875,80.74951171875,0.33061597,0.21408604,0.26929402
212,country,112.34714673913044,112.34714673913044,112.34714673913044,0.27591962,0.13751204,0.21935157
213,country,89.10290948275862,89.10290948275862,89.10290948275862,0.25305402,0.17950445,0.20219365
214,country,129.19921875,129.19921875,129.19921875,0.21724588,0.13725568,0.18484975
215,country,135.99917763157896,135.99917763157896,135.99917763157896,0.23027411,0.15736482,0.2074014
216,country,151.99908088235293,151.99908088235293,151.99908088235293,0.17382877,0.14355333,0.16004328
217,country,107.666015625,107.666015625,107.666015625,0.17611589,0.15292181,0.15727358
218,country,89.10290948275862,89.10290948275862,89.10290948275862,0.36936408,0.16146742,0.29306757
219,country,86.1328125,86.1328125,172.265625,0.28488332,0.23630299,0.19370262
220,country,83.35433467741936,143.5546875,86.1328125,0.3298997,0.15601316,0.27521485
221,country,103.359375,103.359375,103.359375,0.23012033,0.17024471,0.18888885
222,country,107.666015625,107.666015625,107.666015625,0.2766479,0.24958451,0.21384336
223,country,184.5703125,95.703125,184.5703125,0.17397891,0.17298383,0.14456008
224,country,83.35433467741936,143.5546875,83.35433467741936,0.27068526,0.14686762,0.22078927
225,country,129.19921875,129.19921875,129.19921875,0.35940307,0.1895591,0.29111362
226,country,73.828125,71.77734375,143.5546875,0.4272593,0.2142953,0.20798343
227,country,107.666015625,107.666015625,107.666015625,0.26920682,0.22615105,0.21111433
228,country,92.28515625,92.28515625,92.28515625,0.24051374,0.14791647,0.21025036
229,country,89.10290948275862,89.10290948275862,89.10290948275862,0.29466626,0.21921712,0.25519928
230,country,89.10290948275862,172.265625,92.28515625,0.21935007,0.13382183,0.20724899
231,country,161.4990234375,161.4990234375,161.4990234375,0.27862597,0.23060013,0.21807727
232,country,112.34714673913044,112.34714673913044,112.34714673913044,0.3276875,0.20668998,0.2411876
233,country,99.38401442307692,99.38401442307692,99.38401442307692,0.25076875,0.21704304,0.2095193
234,country,92.28515625,92.28515625,92.28515625,0.27111173,0.18332992,0.21862419
235,country,135.99917763157896,135.99917763157896,135.99917763157896,0.17205691,0.15690516,0.14996874
236,country,99.38401442307692,99.38401442307692,99.38401442307692,0.2314646,0.21080782,0.18786836
237,country,112.34714673913044,117.45383522727273,112.34714673913044,0.3034,0.22646596,0.24454655
238,country,99.38401442307692,99.38401442307692,99.38401442307692,0.3196553,0.27191618,0.25512144
239,country,151.99908088235293,78.30255681818181,151.99908088235293,0.22999099,0.20730247,0.18971251
240,country,123.046875,92.28515625,123.046875,0.15744837,0.1462777,0.14262354
241,country,143.5546875,143.5546875,143.5546875,0.24225995,0.1551751,0.19642991
242,country,129.19921875,129.19921875,129.19921875,0.25914314,0.17273979,0.21910396
243,country,103.359375,103.359375,103.359375,0.32998344,0.20858182,0.25488797
244,country,135.99917763157896,135.99917763157896,135.99917763157896,0.3212656,0.16505828,0.26246747
245,country,78.30255681818181,151.99908088235293,78.30255681818181,0.35781848,0.16779315,0.25596842
246,country,78.30255681818181,151.99908088235293,78.30255681818181,0.36127833,0.15860918,0.28752312
247,country,78.30255681818181,78.30255681818181,151.99908088235293,0.22937584,0.16920887,0.17143954
248,country,151.99908088235293,151.99908088235293,151.99908088235293,0.24075183,0.14657119,0.20658234
249,country,117.45383522727273,117.45383522727273,117.45383522727273,0.18324311,0.14324002,0.17156038
250,country,112.34714673913044,112.34714673913044,112.34714673913044,0.23163342,0.2167706,0.18656535
251,country,117.45383522727273,117.45383522727273,117.45383522727273,0.41240832,0.19530472,0.31588718
252,country,64.599609375,129.19921875,129.19921875,0.47006425,0.2204961,0.22452092
253,country,71.77734375,71.77734375,71.77734375,0.37437654,0.24556763,0.29672167
254,country,89.10290948275862,89.10290948275862,89.10290948275862,0.3082332,0.1455946,0.2531362
255,country,75.99954044117646,75.99954044117646,75.99954044117646,0.4945972,0.3144284,0.34373552
256,country,129.19921875,129.19921875,129.19921875,0.27209193,0.18121552,0.23277882
257,country,80.74951171875,80.74951171875,83.35433467741936,0.3642496,0.24180713,0.27543488
258,country,67.99958881578948,67.99958881578948,67.99958881578948,0.41490024,0.25851524,0.31096658
259,country,112.34714673913044,112.34714673913044,112.34714673913044,0.34164244,0.17680076,0.2761798
260,country,135.99917763157896,143.5546875,135.99917763157896,0.3356521,0.15333928,0.24478675
261,country,69.83741554054055,69.83741554054055,69.83741554054055,0.54800385,0.3199669,0.41213045
262,country,60.09265988372093,60.09265988372093,60.09265988372093,0.48302296,0.30974048,0.33728623
263,country,172.265625,89.10290948275862,89.10290948275862,0.22390476,0.13923475,0.20220539
264,country,83.35433467741936,83.35433467741936,83.35433467741936,0.4838378,0.24867256,0.34746808
265,country,66.25600961538461,135.99917763157896,135.99917763157896,0.49072716,0.19739619,0.25180775
266,country,123.046875,117.45383522727273,123.046875,0.22977644,0.23640916,0.18061559
267,country,112.34714673913044,112.34714673913044,112.34714673913044,0.2521472,0.15758294,0.19157925
268,country,64.599609375,123.046875,64.599609375,0.4100895,0.18310562,0.32212222
269,country,172.265625,86.1328125,161.4990234375,0.19736777,0.2651446,0.16841549
270,country,112.34714673913044,112.34714673913044,112.34714673913044,0.22892591,0.22635788,0.19241694
271,country,112.34714673913044,112.34714673913044,112.34714673913044,0.20800707,0.20792672,0.17255685
272,country,143.5546875,143.5546875,143.5546875,0.22105043,0.19463326,0.19939467
273,country,151.99908088235293,151.99908088235293,151.99908088235293,0.23846413,0.15997349,0.20336479
274,country,151.99908088235293,151.99908088235293,151.99908088235293,0.27934685,0.21501128,0.21803057
275,country,135.99917763157896,129.19921875,135.99917763157896,0.195417,0.15646504,0.18202269
276,country,95.703125,95.703125,95.703125,0.21653782,0.15699069,0.17445177
277,country,143.5546875,143.5546875,143.5546875,0.25684324,0.14855939,0.21250494
278,country,184.5703125,92.28515625,92.28515625,0.19091043,0.17219093,0.18208186
279,country,66.25600961538461,66.25600961538461,66.25600961538461,0.32108718,0.313183,0.32788318
280,country,80.74951171875,143.5546875,80.74951171875,0.3579388,0.15097064,0.2893693
281,country,99.38401442307692,99.38401442307692,99.38401442307692,0.27602136,0.20784278,0.21213761
282,country,89.10290948275862,89.10290948275862,89.10290948275862,0.3330589,0.18343556,0.23102827
283,country,117.45383522727273,117.45383522727273,117.45383522727273,0.2496165,0.17650236,0.20549008
284,country,143.5546875,151.99908088235293,143.5546875,0.22735797,0.16946644,0.17819032
285,country,86.1328125,86.1328125,86.1328125,0.26957756,0.18988368,0.19801275
286,country,73.828125,73.828125,143.5546875,0.36722833,0.23452668,0.17360878
287,country,117.45383522727273,117.45383522727273,117.45383522727273,0.23405027,0.19196011,0.18677442
288,country,143.5546875,143.5546875,143.5546875,0.2361788,0.17514744,0.18833998
289,country,103.359375,103.359375,103.359375,0.33719173,0.24403249,0.24523744
290,country,143.5546875,143.5546875,143.5546875,0.23314774,0.16801594,0.19380091
291,country,135.99917763157896,135.99917763157896,135.99917763157896,0.34394908,0.20729823,0.26263896
292,country,117.45383522727273,117.45383522727273,117.45383522727273,0.27918008,0.1789713,0.21601833
293,country,161.4990234375,161.4990234375,161.4990234375,0.23509952,0.1858006,0.2036501
294,country,86.1328125,89.10290948275862,86.1328125,0.32165667,0.2402105,0.21600364
295,country,112.34714673913044,112.34714673913044,112.34714673913044,0.26250648,0.22460814,0.20968376
296,country,89.10290948275862,89.10290948275862,89.10290948275862,0.38872468,0.24986315,0.26606473
297,country,117.45383522727273,117.45383522727273,117.45383522727273,0.32067195,0.2055595,0.2539158
298,country,112.34714673913044,112.34714673913044,112.34714673913044,0.30203047,0.23060948,0.226132
299,country,117.45383522727273,117.45383522727273,117.45383522727273,0.26365215,0.21778372,0.19706838
300,country,143.5546875,143.5546875,143.5546875,0.2364982,0.17209461,0.18203993
301,disco,117.45383522727273,117.45383522727273,117.45383522727273,0.26927832,0.17812864,0.22217846
302,disco,117.45383522727273,117.45383522727273,117.45383522727273,0.22676511,0.13121866,0.18562
303,disco,92.28515625,92.28515625,92.28515625,0.19353326,0.1635,0.15784317
304,disco,129.19921875,129.19921875,129.19921875,0.17401269,0.12476872,0.15616626
305,disco,123.046875,123.046875,123.046875,0.26783553,0.1979996,0.2125125
306,disco,107.666015625,107.666015625,107.666015625,0.19135943,0.15336363,0.17458206
307,disco,123.046875,123.046875,123.046875,0.1881129,0.1586916,0.1680153
308,disco,129.19921875,129.19921875,129.19921875,0.25499064,0.118647404,0.23320265
309,disco,123.046875,123.046875,123.046875,0.26140583,0.16611888,0.21093315
310,disco,129.19921875,129.19921875,129.19921875,0.22208042,0.14391246,0.17629108
311,disco,107.666015625,107.666015625,107.666015625,0.20618099,0.15759861,0.17598045
312,disco,95.703125,95.703125,95.703125,0.20557404,0.16473603,0.17771055
313,disco,112.34714673913044,112.34714673913044,112.34714673913044,0.24189737,0.1612922,0.2035304
314,disco,184.5703125,172.265625,89.10290948275862,0.18265577,0.11623758,0.18088448
315,disco,103.359375,103.359375,103.359375,0.20893233,0.1329785,0.18774626
316,disco,123.046875,123.046875,123.046875,0.23928393,0.15738353,0.20922904
317,disco,123.046875,123.046875,123.046875,0.22335954,0.122696266,0.18478698
318,disco,123.046875,123.046875,123.046875,0.20202817,0.15403357,0.16315487
319,disco,123.046875,123.046875,123.046875,0.25695744,0.18861616,0.21789685
320,disco,117.45383522727273,117.45383522727273,117.45383522727273,0.27383092,0.13595627,0.22744463
321,disco,161.4990234375,80.74951171875,161.4990234375,0.21150395,0.14308403,0.19375156
322,disco,107.666015625,112.34714673913044,107.666015625,0.25618958,0.17163415,0.19020525
323,disco,123.046875,123.046875,123.046875,0.23931777,0.1636873,0.19402888
324,disco,112.34714673913044,117.45383522727273,112.34714673913044,0.31302422,0.19616656,0.26771384
325,disco,129.19921875,129.19921875,129.19921875,0.19270806,0.13798466,0.18032335
326,disco,123.046875,123.046875,123.046875,0.20979953,0.18056111,0.17320035
327,disco,117.45383522727273,117.45383522727273,117.45383522727273,0.22627172,0.15864855,0.19343846
328,disco,112.34714673913044,112.34714673913044,112.34714673913044,0.23087096,0.19079308,0.19256118
329,disco,123.046875,123.046875,123.046875,0.2217258,0.15367635,0.18696016
330,disco,103.359375,103.359375,103.359375,0.25187156,0.16704544,0.19515544
331,disco,135.99917763157896,135.99917763157896,135.99917763157896,0.18500242,0.11426516,0.16293138
332,disco,123.046875,123.046875,123.046875,0.23916696,0.16753872,0.1959839
333,disco,112.34714673913044,112.34714673913044,112.34714673913044,0.3330303,0.17701359,0.27018753
334,disco,129.19921875,129.19921875,129.19921875,0.19907285,0.13671088,0.16810285
335,disco,129.19921875,129.19921875,129.19921875,0.27317345,0.1389082,0.22640729
336,disco,123.046875,123.046875,123.046875,0.19342308,0.15811832,0.16796713
337,disco,135.99917763157896,135.99917763157896,135.99917763157896,0.24436654,0.12089,0.20120665
338,disco,129.19921875,129.19921875,129.19921875,0.19149946,0.13500738,0.16430044
339,disco,123.046875,123.046875,123.046875,0.26571798,0.16211732,0.23249862
340,disco,112.34714673913044,112.34714673913044,112.34714673913044,0.25359407,0.16069464,0.20026933
341,disco,135.99917763157896,135.99917763157896,135.99917763157896,0.27808037,0.12334618,0.22701061
342,disco,161.4990234375,161.4990234375,161.4990234375,0.31401545,0.18181515,0.24869958
343,disco,103.359375,103.359375,107.666015625,0.24618009,0.1532592,0.2197573
344,disco,129.19921875,129.19921875,129.19921875,0.27408972,0.13719802,0.2147397
345,disco,123.046875,123.046875,123.046875,0.20340006,0.13381168,0.17557165
346,disco,123.046875,123.046875,123.046875,0.2021242,0.124202885,0.1996936
347,disco,123.046875,123.046875,123.046875,0.2679764,0.17962015,0.21989402
348,disco,123.046875,107.666015625,123.046875,0.2029328,0.19250093,0.17904975
349,disco,99.38401442307692,103.359375,103.359375,0.22878242,0.14775869,0.19212148
350,disco,123.046875,60.09265988372093,123.046875,0.24367131,0.24234623,0.20768686
351,disco,107.666015625,107.666015625,112.34714673913044,0.2167031,0.16068816,0.17466433
352,disco,107.666015625,107.666015625,107.666015625,0.22516134,0.17202903,0.19466071
353,disco,123.046875,123.046875,123.046875,0.25217414,0.20343472,0.20549698
354,disco,135.99917763157896,135.99917763157896,135.99917763157896,0.22607632,0.15899585,0.19599225
355,disco,112.34714673913044,112.34714673913044,112.34714673913044,0.22543757,0.19796844,0.1816993
356,disco,129.19921875,129.19921875,129.19921875,0.21783012,0.14419992,0.19435957
357,disco,89.10290948275862,89.10290948275862,89.10290948275862,0.2529914,0.25052735,0.19572408
358,disco,117.45383522727273,117.45383522727273,117.45383522727273,0.29806983,0.16680412,0.25506654
359,disco,129.19921875,129.19921875,129.19921875,0.23431154,0.19025159,0.18529008
360,disco,123.046875,123.046875,123.046875,0.2969716,0.1819042,0.24714373
361,disco,129.19921875,129.19921875,129.19921875,0.21150474,0.1396251,0.18879388
362,disco,123.046875,129.19921875,123.046875,0.24500166,0.18592691,0.20985328
363,disco,107.666015625,107.666015625,107.666015625,0.18016165,0.18042237,0.16417402
364,disco,129.19921875,129.19921875,129.19921875,0.21233948,0.16144884,0.19401759
365,disco,123.046875,123.046875,123.046875,0.23620017,0.1565113,0.18727416
366,disco,129.19921875,129.19921875,129.19921875,0.22660263,0.1625619,0.18774097
367,disco,135.99917763157896,135.99917763157896,135.99917763157896,0.2388071,0.18124644,0.1947591
368,disco,99.38401442307692,99.38401442307692,99.38401442307692,0.2200985,0.15160333,0.20734826
369,disco,107.666015625,107.666015625,107.666015625,0.20226045,0.17154099,0.18337858
370,disco,107.666015625,107.666015625,107.666015625,0.19442093,0.1843971,0.17077225
371,disco,107.666015625,107.666015625,107.666015625,0.23010701,0.17112236,0.18697922
372,disco,112.34714673913044,112.34714673913044,112.34714673913044,0.20727107,0.18432727,0.1782641
373,disco,135.99917763157896,135.99917763157896,135.99917763157896,0.23493153,0.1337793,0.1989472
374,disco,112.34714673913044,112.34714673913044,112.34714673913044,0.24134663,0.18846378,0.20388807
375,disco,112.34714673913044,112.34714673913044,112.34714673913044,0.2185962,0.18539985,0.18531768
376,disco,135.99917763157896,129.19921875,135.99917763157896,0.22769065,0.19362557,0.19465454
377,disco,129.19921875,129.19921875,129.19921875,0.2428841,0.16656081,0.20081113
378,disco,117.45383522727273,117.45383522727273,117.45383522727273,0.223757,0.14998645,0.1809101
379,disco,129.19921875,129.19921875,129.19921875,0.2894254,0.15431456,0.20681073
380,disco,123.046875,123.046875,123.046875,0.25870574,0.1432707,0.20657519
381,disco,99.38401442307692,99.38401442307692,99.38401442307692,0.2590836,0.18270078,0.21174684
382,disco,86.1328125,129.19921875,129.19921875,0.2563162,0.1310314,0.17235617
383,disco,123.046875,123.046875,123.046875,0.24032688,0.1979965,0.18639308
384,disco,117.45383522727273,117.45383522727273,117.45383522727273,0.24268961,0.17892264,0.19995748
385,disco,112.34714673913044,57.421875,112.34714673913044,0.28599265,0.1707882,0.21075694
386,disco,123.046875,123.046875,123.046875,0.20676208,0.1919515,0.16786472
387,disco,123.046875,123.046875,123.046875,0.21839532,0.15637581,0.16956599
388,disco,107.666015625,107.666015625,107.666015625,0.2142332,0.18040325,0.18112697
389,disco,123.046875,123.046875,123.046875,0.22578865,0.16685757,0.19361882
390,disco,129.19921875,129.19921875,129.19921875,0.20957056,0.14156002,0.18126966
391,disco,129.19921875,129.19921875,129.19921875,0.24721326,0.19691245,0.21766983
392,disco,99.38401442307692,99.38401442307692,99.38401442307692,0.29764786,0.13774984,0.23988281
393,disco,117.45383522727273,117.45383522727273,117.45383522727273,0.28931653,0.19901322,0.22181682
394,disco,107.666015625,112.34714673913044,107.666015625,0.25342354,0.16765252,0.18213795
395,disco,135.99917763157896,69.83741554054055,135.99917763157896,0.26256022,0.19383353,0.23818837
396,disco,123.046875,123.046875,123.046875,0.25825468,0.18116514,0.20512931
397,disco,103.359375,103.359375,103.359375,0.19004129,0.1487268,0.17344253
398,disco,129.19921875,129.19921875,129.19921875,0.22239949,0.123922,0.19480984
399,disco,123.046875,123.046875,123.046875,0.17709231,0.18262789,0.14817825
400,disco,123.046875,123.046875,123.046875,0.17709231,0.18069063,0.15090151
401,hiphop,117.45383522727273,117.45383522727273,117.45383522727273,0.18594047,0.142846,0.15925485
402,hiphop,92.28515625,117.45383522727273,92.28515625,0.18216835,0.15997298,0.16116312
403,hiphop,99.38401442307692,123.046875,99.38401442307692,0.21792592,0.13589095,0.1750108
404,hiphop,92.28515625,103.359375,92.28515625,0.3113125,0.16876504,0.2570021
405,hiphop,95.703125,99.38401442307692,95.703125,0.2560342,0.161868,0.21133606
406,hiphop,71.77734375,143.5546875,71.77734375,0.2799858,0.14814658,0.25650144
407,hiphop,99.38401442307692,99.38401442307692,99.38401442307692,0.23224775,0.18136515,0.19266568
408,hiphop,123.046875,117.45383522727273,123.046875,0.18575941,0.15723993,0.16657114
409,hiphop,172.265625,129.19921875,172.265625,0.18157208,0.15864202,0.16358833
410,hiphop,103.359375,103.359375,103.359375,0.24229667,0.18583432,0.19713092
411,hiphop,95.703125,95.703125,95.703125,0.21233764,0.16314244,0.18163696
412,hiphop,135.99917763157896,172.265625,135.99917763157896,0.15275495,0.13192299,0.14075615
413,hiphop,99.38401442307692,129.19921875,129.19921875,0.19702049,0.12992825,0.130946
414,hiphop,103.359375,103.359375,103.359375,0.25950798,0.21744215,0.2086392
415,hiphop,135.99917763157896,135.99917763157896,135.99917763157896,0.2539284,0.17668515,0.21738946
416,hiphop,198.76802884615384,184.5703125,99.38401442307692,0.15227716,0.12449593,0.1536313
417,hiphop,99.38401442307692,198.76802884615384,99.38401442307692,0.20448032,0.12419473,0.18107536
418,hiphop,99.38401442307692,99.38401442307692,99.38401442307692,0.26228452,0.18056217,0.22411284
419,hiphop,143.5546875,103.359375,143.5546875,0.13898264,0.16400656,0.12578033
420,hiphop,99.38401442307692,95.703125,99.38401442307692,0.17831428,0.16012087,0.15347171
421,hiphop,117.45383522727273,123.046875,117.45383522727273,0.24351858,0.17437847,0.1952776
422,hiphop,99.38401442307692,112.34714673913044,103.359375,0.21287958,0.14509082,0.18940741
423,hiphop,99.38401442307692,99.38401442307692,99.38401442307692,0.23947997,0.18588854,0.20288275
424,hiphop,92.28515625,92.28515625,95.703125,0.22947408,0.17414296,0.19616146
425,hiphop,103.359375,103.359375,103.359375,0.21579257,0.18500999,0.16709514
426,hiphop,107.666015625,184.5703125,107.666015625,0.25455064,0.10392192,0.22713554
427,hiphop,103.359375,103.359375,103.359375,0.19676873,0.18486004,0.15500984
428,hiphop,92.28515625,172.265625,92.28515625,0.24210614,0.11928324,0.19017504
429,hiphop,92.28515625,129.19921875,129.19921875,0.18719915,0.11570755,0.1339787
430,hiphop,123.046875,129.19921875,123.046875,0.16616267,0.12500225,0.16973001
431,hiphop,89.10290948275862,89.10290948275862,89.10290948275862,0.2194779,0.17303166,0.19198607
432,hiphop,99.38401442307692,99.38401442307692,99.38401442307692,0.22543992,0.16395898,0.20121512
433,hiphop,99.38401442307692,99.38401442307692,99.38401442307692,0.20660143,0.15763897,0.17178561
434,hiphop,95.703125,198.76802884615384,99.38401442307692,0.21384528,0.12281005,0.19646935
435,hiphop,198.76802884615384,99.38401442307692,99.38401442307692,0.13930808,0.15513119,0.15522343
436,hiphop,143.5546875,117.45383522727273,143.5546875,0.13244338,0.1287477,0.11464914
437,hiphop,117.45383522727273,129.19921875,117.45383522727273,0.19189896,0.14305028,0.16530256
438,hiphop,143.5546875,123.046875,143.5546875,0.2485906,0.13022715,0.20733926
439,hiphop,184.5703125,92.28515625,92.28515625,0.23502252,0.20650603,0.19377191
440,hiphop,184.5703125,135.99917763157896,184.5703125,0.19967228,0.12572335,0.16965494
441,hiphop,80.74951171875,80.74951171875,161.4990234375,0.3164581,0.20176595,0.1977049
442,hiphop,92.28515625,92.28515625,92.28515625,0.25036767,0.20475276,0.2073387
443,hiphop,92.28515625,129.19921875,92.28515625,0.2142795,0.1243235,0.16965674
444,hiphop,89.10290948275862,123.046875,184.5703125,0.22027443,0.13067785,0.16423723
445,hiphop,117.45383522727273,117.45383522727273,117.45383522727273,0.1694007,0.14462557,0.15111797
446,hiphop,184.5703125,135.99917763157896,184.5703125,0.19967228,0.12442906,0.16838539
447,hiphop,95.703125,95.703125,95.703125,0.27276307,0.15978888,0.23332399
448,hiphop,95.703125,95.703125,95.703125,0.24295248,0.14562465,0.19009449
449,hiphop,95.703125,99.38401442307692,99.38401442307692,0.2058044,0.17401741,0.18347593
450,hiphop,129.19921875,143.5546875,135.99917763157896,0.16114339,0.113517776,0.12588926
451,hiphop,99.38401442307692,99.38401442307692,99.38401442307692,0.21235675,0.14377072,0.17713901
452,hiphop,103.359375,103.359375,107.666015625,0.26421034,0.14182675,0.19858119
453,hiphop,103.359375,103.359375,103.359375,0.22239813,0.17455167,0.18191968
454,hiphop,107.666015625,107.666015625,107.666015625,0.2159113,0.15878877,0.1713953
455,hiphop,112.34714673913044,112.34714673913044,112.34714673913044,0.1959061,0.15371802,0.16901812
456,hiphop,107.666015625,107.666015625,107.666015625,0.19553187,0.1424743,0.17387898
457,hiphop,99.38401442307692,99.38401442307692,99.38401442307692,0.29983923,0.20800146,0.22163056
458,hiphop,89.10290948275862,54.978390957446805,89.10290948275862,0.2250277,0.19244699,0.1838537
459,hiphop,172.265625,172.265625,172.265625,0.17329493,0.12004014,0.15533207
460,hiphop,92.28515625,92.28515625,92.28515625,0.23919988,0.15131779,0.20337999
461,hiphop,184.5703125,172.265625,184.5703125,0.18669477,0.11139707,0.15293959
462,hiphop,184.5703125,95.703125,184.5703125,0.18600392,0.14601901,0.15991108
463,hiphop,92.28515625,95.703125,92.28515625,0.24793158,0.15143593,0.21858804
464,hiphop,92.28515625,92.28515625,92.28515625,0.23815139,0.16407374,0.21286517
465,hiphop,86.1328125,86.1328125,86.1328125,0.20893198,0.13754033,0.17550406
466,hiphop,95.703125,95.703125,95.703125,0.2788093,0.15331787,0.23971957
467,hiphop,92.28515625,129.19921875,92.28515625,0.2630431,0.119987585,0.2255829
468,hiphop,95.703125,99.38401442307692,95.703125,0.25441697,0.16518998,0.20638031
469,hiphop,95.703125,143.5546875,95.703125,0.23205039,0.12083766,0.19816539
470,hiphop,129.19921875,143.5546875,135.99917763157896,0.17230643,0.10629515,0.14297052
471,hiphop,95.703125,184.5703125,95.703125,0.2664733,0.10881166,0.21023996
472,hiphop,95.703125,95.703125,95.703125,0.28102592,0.17777379,0.22834618
473,hiphop,99.38401442307692,99.38401442307692,99.38401442307692,0.23824124,0.16203223,0.20823134
474,hiphop,92.28515625,143.5546875,92.28515625,0.22816418,0.12327771,0.19523658
475,hiphop,99.38401442307692,99.38401442307692,99.38401442307692,0.22685161,0.120866284,0.18851368
476,hiphop,92.28515625,92.28515625,92.28515625,0.21022186,0.15710507,0.1748098
477,hiphop,95.703125,95.703125,95.703125,0.20608711,0.16591807,0.17384882
478,hiphop,117.45383522727273,117.45383522727273,117.45383522727273,0.17542316,0.1507186,0.15002121
479,hiphop,95.703125,95.703125,95.703125,0.20608711,0.15938435,0.17705232
480,hiphop,103.359375,103.359375,103.359375,0.22338955,0.14606233,0.18733525
481,hiphop,95.703125,103.359375,95.703125,0.18055572,0.19221328,0.17779996
482,hiphop,103.359375,123.046875,103.359375,0.22428185,0.15508582,0.18864258
483,hiphop,107.666015625,103.359375,107.666015625,0.21554962,0.1533024,0.20260087
484,hiphop,103.359375,103.359375,103.359375,0.19643974,0.15162168,0.18681929
485,hiphop,112.34714673913044,112.34714673913044,112.34714673913044,0.22829558,0.18688984,0.19228213
486,hiphop,112.34714673913044,112.34714673913044,112.34714673913044,0.22659443,0.14577562,0.18362449
487,hiphop,99.38401442307692,99.38401442307692,99.38401442307692,0.22661509,0.18772617,0.1878215
488,hiphop,135.99917763157896,135.99917763157896,135.99917763157896,0.1319951,0.13201933,0.12099797
489,hiphop,117.45383522727273,117.45383522727273,117.45383522727273,0.17798905,0.14889605,0.16389512
490,hiphop,123.046875,63.02400914634146,123.046875,0.22417961,0.2740349,0.18786448
491,hiphop,151.99908088235293,117.45383522727273,151.99908088235293,0.12050258,0.15697446,0.11395263
492,hiphop,103.359375,103.359375,103.359375,0.19222322,0.16936387,0.16852391
493,hiphop,112.34714673913044,112.34714673913044,112.34714673913044,0.2001202,0.1702337,0.16486423
494,hiphop,117.45383522727273,58.72691761363637,117.45383522727273,0.19464894,0.23906703,0.1622184
495,hiphop,151.99908088235293,151.99908088235293,151.99908088235293,0.17861626,0.14281464,0.1621616
496,hiphop,112.34714673913044,112.34714673913044,112.34714673913044,0.21267566,0.1656639,0.2021511
497,hiphop,107.666015625,172.265625,107.666015625,0.16364026,0.13954167,0.15835547
498,hiphop,151.99908088235293,112.34714673913044,151.99908088235293,0.13540883,0.1558727,0.12498224
499,hiphop,107.666015625,107.666015625,107.666015625,0.21131994,0.19219597,0.18682109
500,hiphop,107.666015625,107.666015625,107.666015625,0.2962551,0.19518149,0.2199466
501,jazz,123.046875,123.046875,123.046875,0.18779959,0.15966469,0.16961434
502,jazz,135.99917763157896,135.99917763157896,135.99917763157896,0.20066665,0.13085346,0.19483896
503,jazz,151.99908088235293,161.4990234375,151.99908088235293,0.21022168,0.15025859,0.15586518
504,jazz,92.28515625,151.99908088235293,135.99917763157896,0.3409687,0.28380254,0.18534718
505,jazz,64.599609375,129.19921875,95.703125,0.40314677,0.16752961,0.20106703
506,jazz,107.666015625,112.34714673913044,107.666015625,0.24130622,0.17133127,0.20511363
507,jazz,135.99917763157896,135.99917763157896,135.99917763157896,0.22147182,0.20144643,0.17342179
508,jazz,61.5234375,63.02400914634146,61.5234375,0.40921003,0.39312106,0.30547422
509,jazz,107.666015625,107.666015625,107.666015625,0.2611206,0.16929294,0.20694888
510,jazz,107.666015625,56.17357336956522,112.34714673913044,0.2750192,0.34396002,0.22593433
511,jazz,112.34714673913044,112.34714673913044,161.4990234375,0.26008496,0.21743678,0.13837773
512,jazz,99.38401442307692,99.38401442307692,99.38401442307692,0.22544202,0.15823968,0.18280935
513,jazz,112.34714673913044,112.34714673913044,112.34714673913044,0.22387882,0.1851067,0.18859982
514,jazz,99.38401442307692,99.38401442307692,99.38401442307692,0.17710918,0.16158925,0.15655473
515,jazz,129.19921875,117.45383522727273,129.19921875,0.23301445,0.19662562,0.1793774
516,jazz,117.45383522727273,117.45383522727273,117.45383522727273,0.17218706,0.15376423,0.14706658
517,jazz,73.828125,69.83741554054055,73.828125,0.3247139,0.28068846,0.22794244
518,jazz,215.33203125,103.359375,215.33203125,0.15138948,0.14836359,0.13384503
519,jazz,103.359375,99.38401442307692,103.359375,0.21410583,0.17057282,0.17840968
520,jazz,184.5703125,117.45383522727273,123.046875,0.13732716,0.18720809,0.17455827
521,jazz,107.666015625,107.666015625,107.666015625,0.23769084,0.22853337,0.19504625
522,jazz,123.046875,161.4990234375,123.046875,0.1983915,0.122484565,0.17678155
523,jazz,129.19921875,129.19921875,129.19921875,0.23858744,0.20952478,0.17871296
524,jazz,86.1328125,89.10290948275862,86.1328125,0.25395188,0.21084248,0.22895893
525,jazz,103.359375,103.359375,103.359375,0.25487477,0.16069068,0.22035964
526,jazz,103.359375,103.359375,103.359375,0.2384072,0.18400724,0.19495
527,jazz,151.99908088235293,151.99908088235293,117.45383522727273,0.18448438,0.1443312,0.17642988
528,jazz,143.5546875,143.5546875,143.5546875,0.16737692,0.13708316,0.14461884
529,jazz,99.38401442307692,184.5703125,99.38401442307692,0.21631148,0.11118138,0.15969789
530,jazz,112.34714673913044,112.34714673913044,112.34714673913044,0.17834735,0.13957201,0.1547389
531,jazz,215.33203125,117.45383522727273,135.99917763157896,0.16132236,0.15462069,0.17216761
532,jazz,112.34714673913044,172.265625,112.34714673913044,0.2222678,0.12693742,0.17100096
533,jazz,129.19921875,129.19921875,129.19921875,0.22219361,0.14232951,0.20020273
534,jazz,95.703125,95.703125,95.703125,0.3128047,0.21907067,0.23707841
535,jazz,95.703125,95.703125,99.38401442307692,0.21924213,0.16108991,0.18550254
536,jazz,71.77734375,103.359375,71.77734375,0.305047,0.1873519,0.23466417
537,jazz,123.046875,123.046875,123.046875,0.17432465,0.13400152,0.15465906
538,jazz,95.703125,95.703125,95.703125,0.32271564,0.27247375,0.23341168
539,jazz,151.99908088235293,143.5546875,151.99908088235293,0.17655003,0.16183057,0.15062943
540,jazz,99.38401442307692,99.38401442307692,99.38401442307692,0.23569888,0.22240269,0.20474435
541,jazz,99.38401442307692,129.19921875,99.38401442307692,0.22706592,0.1770636,0.17172888
542,jazz,95.703125,95.703125,95.703125,0.22523902,0.18879001,0.20145692
543,jazz,73.828125,143.5546875,73.828125,0.28383932,0.14552617,0.2171583
544,jazz,151.99908088235293,151.99908088235293,151.99908088235293,0.22551315,0.17614491,0.19044384
545,jazz,103.359375,107.666015625,103.359375,0.2254793,0.19879135,0.1871554
546,jazz,73.828125,123.046875,73.828125,0.22789699,0.17464107,0.21799935
547,jazz,107.666015625,107.666015625,107.666015625,0.20365395,0.20334771,0.18406782
548,jazz,69.83741554054055,103.359375,103.359375,0.27022013,0.15420672,0.15178487
549,jazz,129.19921875,129.19921875,129.19921875,0.21191196,0.17383708,0.1735129
550,jazz,184.5703125,92.28515625,123.046875,0.1378643,0.1731349,0.13509682
551,jazz,151.99908088235293,151.99908088235293,151.99908088235293,0.15563047,0.13117601,0.14352012
552,jazz,95.703125,95.703125,95.703125,0.30963078,0.21984021,0.23606265
553,jazz,107.666015625,107.666015625,107.666015625,0.23364253,0.1536262,0.19961289
554,jazz,95.703125,95.703125,99.38401442307692,0.21277702,0.15212715,0.18202633
555,jazz,161.4990234375,161.4990234375,161.4990234375,0.17321736,0.15526187,0.14595668
556,jazz,71.77734375,123.046875,71.77734375,0.27791077,0.16797523,0.22399542
557,jazz,123.046875,123.046875,123.046875,0.15378024,0.12833698,0.149526
558,jazz,95.703125,117.45383522727273,95.703125,0.31513694,0.15260963,0.25165644
559,jazz,123.046875,129.19921875,123.046875,0.16505972,0.12381124,0.14874828
560,jazz,107.666015625,107.666015625,107.666015625,0.21652855,0.20123832,0.17776883
561,jazz,95.703125,95.703125,95.703125,0.31171548,0.22921066,0.22508521
562,jazz,172.265625,172.265625,172.265625,0.1704334,0.11993668,0.1470294
563,jazz,151.99908088235293,143.5546875,151.99908088235293,0.17607455,0.14973536,0.14706498
564,jazz,123.046875,123.046875,123.046875,0.19010775,0.13121033,0.16823779
565,jazz,99.38401442307692,103.359375,99.38401442307692,0.2363551,0.15695372,0.20822337
566,jazz,99.38401442307692,99.38401442307692,99.38401442307692,0.2329347,0.21584128,0.20318033
567,jazz,129.19921875,129.19921875,129.19921875,0.16263355,0.15005663,0.14410286
568,jazz,99.38401442307692,129.19921875,99.38401442307692,0.21109131,0.16190186,0.16199069
569,jazz,73.828125,143.5546875,73.828125,0.26847577,0.1383013,0.21316549
570,jazz,151.99908088235293,151.99908088235293,151.99908088235293,0.21486235,0.16327749,0.18685557
571,jazz,103.359375,107.666015625,103.359375,0.22059311,0.16258354,0.18333557
572,jazz,151.99908088235293,123.046875,151.99908088235293,0.14541765,0.16167736,0.1336502
573,jazz,107.666015625,107.666015625,107.666015625,0.19688334,0.18664029,0.18322302
574,jazz,112.34714673913044,112.34714673913044,112.34714673913044,0.18653725,0.14157455,0.15966488
575,jazz,83.35433467741936,83.35433467741936,83.35433467741936,0.26480418,0.19086064,0.20258607
576,jazz,103.359375,103.359375,103.359375,0.20128852,0.1405234,0.16443528
577,jazz,117.45383522727273,107.666015625,99.38401442307692,0.18987769,0.1598289,0.1868771
578,jazz,184.5703125,135.99917763157896,184.5703125,0.14006591,0.12058878,0.12775703
579,jazz,80.74951171875,80.74951171875,161.4990234375,0.24815841,0.1689582,0.15458718
580,jazz,107.666015625,107.666015625,107.666015625,0.20025988,0.16055606,0.16967915
581,jazz,135.99917763157896,135.99917763157896,135.99917763157896,0.1517484,0.1335166,0.1382531
582,jazz,117.45383522727273,117.45383522727273,117.45383522727273,0.2568269,0.2065758,0.2061109
583,jazz,99.38401442307692,99.38401442307692,99.38401442307692,0.24993691,0.15930985,0.1960336
584,jazz,107.666015625,112.34714673913044,107.666015625,0.21847612,0.16550525,0.1789461
585,jazz,123.046875,123.046875,123.046875,0.23111972,0.16173601,0.17912762
586,jazz,80.74951171875,161.4990234375,161.4990234375,0.25035244,0.12916373,0.15657264
587,jazz,135.99917763157896,135.99917763157896,135.99917763157896,0.20053688,0.1463144,0.16729759
588,jazz,135.99917763157896,135.99917763157896,135.99917763157896,0.2689907,0.21763913,0.21674818
589,jazz,129.19921875,129.19921875,129.19921875,0.29608545,0.23285902,0.23850274
590,jazz,54.978390957446805,143.5546875,112.34714673913044,0.3441152,0.13583651,0.21096101
591,jazz,135.99917763157896,135.99917763157896,135.99917763157896,0.26325482,0.24892087,0.20871753
592,jazz,112.34714673913044,151.99908088235293,112.34714673913044,0.20307596,0.109788984,0.17473109
593,jazz,117.45383522727273,151.99908088235293,112.34714673913044,0.19673723,0.12461605,0.19749878
594,jazz,83.35433467741936,83.35433467741936,83.35433467741936,0.24143533,0.19375347,0.19560727
595,jazz,123.046875,123.046875,123.046875,0.2457658,0.20485279,0.19248681
596,jazz,117.45383522727273,123.046875,117.45383522727273,0.2093814,0.18916313,0.16396186
597,jazz,135.99917763157896,135.99917763157896,135.99917763157896,0.25123712,0.17961358,0.20611136
598,jazz,86.1328125,143.5546875,86.1328125,0.34379593,0.17890517,0.23773104
599,jazz,80.74951171875,161.4990234375,80.74951171875,0.27223155,0.14691375,0.23186992
600,jazz,135.99917763157896,135.99917763157896,135.99917763157896,0.19470291,0.15240943,0.17017552
601,metal,95.703125,95.703125,95.703125,0.21477975,0.16443235,0.19598375
602,metal,78.30255681818181,161.4990234375,151.99908088235293,0.24990362,0.13659608,0.22127315
603,metal,112.34714673913044,112.34714673913044,112.34714673913044,0.25395897,0.1783806,0.21207185
604,metal,99.38401442307692,99.38401442307692,99.38401442307692,0.2239925,0.1383168,0.19639575
605,metal,135.99917763157896,135.99917763157896,135.99917763157896,0.14133692,0.123421505,0.13149762
606,metal,151.99908088235293,78.30255681818181,151.99908088235293,0.22719601,0.17985019,0.19331805
607,metal,123.046875,117.45383522727273,123.046875,0.22623584,0.1525841,0.18176079
608,metal,151.99908088235293,143.5546875,151.99908088235293,0.15547287,0.11822099,0.14376226
609,metal,117.45383522727273,117.45383522727273,117.45383522727273,0.31541818,0.13660863,0.26698565
610,metal,112.34714673913044,117.45383522727273,112.34714673913044,0.20485985,0.14885049,0.2010871
611,metal,184.5703125,95.703125,129.19921875,0.14918393,0.15092793,0.14226145
612,metal,161.4990234375,161.4990234375,161.4990234375,0.15834998,0.12051927,0.14726473
613,metal,172.265625,161.4990234375,172.265625,0.17263676,0.15229014,0.15392461
614,metal,135.99917763157896,135.99917763157896,135.99917763157896,0.14593622,0.13291487,0.13143027
615,metal,151.99908088235293,151.99908088235293,151.99908088235293,0.19819117,0.13949002,0.17449899
616,metal,172.265625,135.99917763157896,172.265625,0.1362689,0.11553543,0.122382045
617,metal,92.28515625,92.28515625,92.28515625,0.20700355,0.16277488,0.18097058
618,metal,107.666015625,143.5546875,107.666015625,0.17221782,0.11823593,0.16307111
619,metal,99.38401442307692,99.38401442307692,99.38401442307692,0.17570342,0.1861297,0.17141075
620,metal,112.34714673913044,112.34714673913044,112.34714673913044,0.19230658,0.1371301,0.18347646
621,metal,99.38401442307692,99.38401442307692,99.38401442307692,0.22825593,0.17552993,0.19997422
622,metal,107.666015625,107.666015625,107.666015625,0.27927694,0.15095483,0.24931562
623,metal,135.99917763157896,135.99917763157896,135.99917763157896,0.21335825,0.1545087,0.18006968
624,metal,143.5546875,143.5546875,143.5546875,0.24121553,0.18200703,0.19383724
625,metal,112.34714673913044,107.666015625,112.34714673913044,0.24331029,0.14045708,0.2056384
626,metal,135.99917763157896,135.99917763157896,135.99917763157896,0.24834195,0.13541515,0.20989648
627,metal,129.19921875,129.19921875,129.19921875,0.22783923,0.16948335,0.19996022
628,metal,129.19921875,123.046875,129.19921875,0.2150547,0.12571424,0.1939224
629,metal,135.99917763157896,143.5546875,135.99917763157896,0.21826883,0.14099638,0.19657962
630,metal,123.046875,123.046875,123.046875,0.260778,0.16982156,0.2187416
631,metal,129.19921875,129.19921875,129.19921875,0.20375863,0.18365468,0.17791565
632,metal,135.99917763157896,135.99917763157896,135.99917763157896,0.25245935,0.16922724,0.21886125
633,metal,117.45383522727273,117.45383522727273,117.45383522727273,0.16538993,0.13233213,0.16426077
634,metal,123.046875,123.046875,123.046875,0.16738778,0.1577567,0.15384832
635,metal,161.4990234375,161.4990234375,161.4990234375,0.16204698,0.13053825,0.1450676
636,metal,117.45383522727273,117.45383522727273,117.45383522727273,0.23247701,0.17469756,0.21770504
637,metal,143.5546875,143.5546875,143.5546875,0.2522711,0.16273724,0.22326581
638,metal,135.99917763157896,143.5546875,135.99917763157896,0.22099681,0.14032805,0.19582093
639,metal,95.703125,95.703125,95.703125,0.2573743,0.19954342,0.19799687
640,metal,117.45383522727273,129.19921875,117.45383522727273,0.26405442,0.16910544,0.23014015
641,metal,107.666015625,107.666015625,107.666015625,0.24470718,0.18325374,0.2002031
642,metal,117.45383522727273,117.45383522727273,117.45383522727273,0.2786018,0.1905227,0.23945613
643,metal,129.19921875,129.19921875,129.19921875,0.2718079,0.1975706,0.21242583
644,metal,95.703125,95.703125,95.703125,0.3542284,0.18415153,0.276956
645,metal,117.45383522727273,117.45383522727273,117.45383522727273,0.25178763,0.15730168,0.21063773
646,metal,61.5234375,60.09265988372093,61.5234375,0.49423024,0.24544519,0.3350364
647,metal,117.45383522727273,117.45383522727273,117.45383522727273,0.24410124,0.14016359,0.20632808
648,metal,103.359375,107.666015625,103.359375,0.23232277,0.13390975,0.18315315
649,metal,107.666015625,107.666015625,107.666015625,0.2407466,0.15573698,0.19174398
650,metal,99.38401442307692,99.38401442307692,99.38401442307692,0.26935,0.14210258,0.22683547
651,metal,112.34714673913044,112.34714673913044,112.34714673913044,0.23884895,0.1314698,0.19605124
652,metal,107.666015625,107.666015625,107.666015625,0.28780618,0.17190681,0.24648638
653,metal,161.4990234375,151.99908088235293,161.4990234375,0.26244062,0.16273199,0.22367896
654,metal,123.046875,123.046875,123.046875,0.24064931,0.15471624,0.2024036
655,metal,123.046875,123.046875,123.046875,0.30431068,0.16895711,0.24790871
656,metal,172.265625,112.34714673913044,112.34714673913044,0.20273732,0.13143922,0.14472844
657,metal,107.666015625,107.666015625,107.666015625,0.28847232,0.15465143,0.2331612
658,metal,129.19921875,129.19921875,129.19921875,0.25468543,0.14315458,0.20191154
659,metal,143.5546875,143.5546875,143.5546875,0.23970409,0.13316898,0.22042777
660,metal,99.38401442307692,99.38401442307692,99.38401442307692,0.254687,0.14226823,0.24539782
661,metal,89.10290948275862,184.5703125,89.10290948275862,0.32683757,0.13399573,0.2981632
662,metal,107.666015625,107.666015625,107.666015625,0.24470718,0.18637176,0.20097488
663,metal,117.45383522727273,117.45383522727273,117.45383522727273,0.2786018,0.19270249,0.24117337
664,metal,129.19921875,129.19921875,129.19921875,0.2718079,0.19306718,0.21149111
665,metal,95.703125,95.703125,95.703125,0.3542284,0.1809971,0.27527294
666,metal,117.45383522727273,117.45383522727273,117.45383522727273,0.25178763,0.1532627,0.21012796
667,metal,61.5234375,60.09265988372093,60.09265988372093,0.49423024,0.2488189,0.32675126
668,metal,135.99917763157896,129.19921875,135.99917763157896,0.2916823,0.14162247,0.23695347
669,metal,161.4990234375,161.4990234375,161.4990234375,0.20094138,0.14571522,0.1813878
670,metal,161.4990234375,161.4990234375,161.4990234375,0.22290157,0.15722065,0.18038593
671,metal,117.45383522727273,117.45383522727273,117.45383522727273,0.27552587,0.17367364,0.22530767
672,metal,86.1328125,86.1328125,83.35433467741936,0.412967,0.24487185,0.32112378
673,metal,123.046875,117.45383522727273,123.046875,0.23837356,0.14862081,0.2139625
674,metal,143.5546875,143.5546875,143.5546875,0.25113004,0.14364614,0.22503425
675,metal,123.046875,123.046875,123.046875,0.2555607,0.16753158,0.23332635
676,metal,112.34714673913044,112.34714673913044,112.34714673913044,0.2881794,0.1843361,0.24766788
677,metal,143.5546875,143.5546875,143.5546875,0.17833467,0.13457571,0.15531881
678,metal,151.99908088235293,151.99908088235293,151.99908088235293,0.2347413,0.15772857,0.2133388
679,metal,99.38401442307692,99.38401442307692,99.38401442307692,0.2971322,0.20302762,0.25464395
680,metal,123.046875,123.046875,123.046875,0.2488328,0.16090572,0.2171944
681,metal,161.4990234375,80.74951171875,161.4990234375,0.24906884,0.20413621,0.22057739
682,metal,151.99908088235293,151.99908088235293,151.99908088235293,0.2473626,0.14618337,0.22146226
683,metal,123.046875,123.046875,123.046875,0.26099807,0.16164365,0.22504719
684,metal,117.45383522727273,117.45383522727273,117.45383522727273,0.32396078,0.16319852,0.2844429
685,metal,151.99908088235293,151.99908088235293,151.99908088235293,0.26064086,0.14470915,0.23214939
686,metal,103.359375,103.359375,103.359375,0.2798938,0.19276348,0.24727131
687,metal,123.046875,123.046875,123.046875,0.33330026,0.15506339,0.27730167
688,metal,95.703125,95.703125,95.703125,0.25915068,0.16006728,0.23060729
689,metal,117.45383522727273,117.45383522727273,117.45383522727273,0.25951245,0.16563351,0.20668525
690,metal,151.99908088235293,151.99908088235293,151.99908088235293,0.30063418,0.2318317,0.26548186
691,metal,89.10290948275862,89.10290948275862,89.10290948275862,0.24836332,0.1672686,0.21721008
692,metal,92.28515625,92.28515625,135.99917763157896,0.22285675,0.158859,0.15174653
693,metal,117.45383522727273,161.4990234375,117.45383522727273,0.19885115,0.14515229,0.1861979
694,metal,172.265625,86.1328125,172.265625,0.17887121,0.17177904,0.15016271
695,metal,161.4990234375,161.4990234375,161.4990234375,0.16204698,0.12848596,0.14441818
696,metal,151.99908088235293,151.99908088235293,151.99908088235293,0.24391575,0.1676245,0.22033784
697,metal,161.4990234375,161.4990234375,161.4990234375,0.25431365,0.15958889,0.22265
698,metal,112.34714673913044,161.4990234375,161.4990234375,0.21430142,0.16279559,0.19742495
699,metal,151.99908088235293,151.99908088235293,151.99908088235293,0.28007415,0.16061825,0.24456786
700,metal,143.5546875,143.5546875,143.5546875,0.26806045,0.16953903,0.21493751
701,pop,89.10290948275862,66.25600961538461,89.10290948275862,0.19559598,0.2262944,0.1764362
702,pop,107.666015625,107.666015625,107.666015625,0.16784441,0.17827037,0.16173632
703,pop,83.35433467741936,83.35433467741936,83.35433467741936,0.19593608,0.1707824,0.1760857
704,pop,92.28515625,92.28515625,92.28515625,0.31347108,0.19914335,0.24157453
705,pop,107.666015625,107.666015625,107.666015625,0.21517748,0.1415591,0.18443543
706,pop,172.265625,172.265625,172.265625,0.17753123,0.14051415,0.1636105
707,pop,92.28515625,161.4990234375,92.28515625,0.34362513,0.12283871,0.30363327
708,pop,129.19921875,129.19921875,129.19921875,0.2255939,0.15699485,0.19870315
709,pop,172.265625,161.4990234375,172.265625,0.2254114,0.13782424,0.21023509
710,pop,107.666015625,103.359375,107.666015625,0.24515542,0.15527485,0.20781136
711,pop,107.666015625,107.666015625,107.666015625,0.32819444,0.1932316,0.24228303
712,pop,184.5703125,151.99908088235293,151.99908088235293,0.121638395,0.107794136,0.14841908
713,pop,99.38401442307692,99.38401442307692,99.38401442307692,0.24525504,0.18258308,0.18423583
714,pop,143.5546875,143.5546875,143.5546875,0.30639288,0.21247618,0.246521
715,pop,117.45383522727273,117.45383522727273,117.45383522727273,0.22918472,0.20746818,0.18888068
716,pop,103.359375,103.359375,103.359375,0.28230128,0.1869315,0.23043743
717,pop,107.666015625,112.34714673913044,107.666015625,0.4773991,0.20619349,0.25409147
718,pop,107.666015625,112.34714673913044,107.666015625,0.17336997,0.1311223,0.15870501
719,pop,123.046875,123.046875,123.046875,0.25612953,0.1639085,0.21970719
720,pop,92.28515625,92.28515625,92.28515625,0.30822045,0.16834755,0.25775668
721,pop,107.666015625,107.666015625,107.666015625,0.25347725,0.18291782,0.21475829
722,pop,99.38401442307692,99.38401442307692,99.38401442307692,0.29756838,0.18099013,0.25163624
723,pop,103.359375,103.359375,103.359375,0.28446966,0.19260907,0.2261873
724,pop,103.359375,103.359375,103.359375,0.2657609,0.17920741,0.20543396
725,pop,117.45383522727273,117.45383522727273,117.45383522727273,0.2272589,0.1706444,0.1896192
726,pop,151.99908088235293,151.99908088235293,151.99908088235293,0.2916158,0.17862065,0.23880158
727,pop,75.99954044117646,75.99954044117646,151.99908088235293,0.42453998,0.3189303,0.24840687
728,pop,83.35433467741936,161.4990234375,83.35433467741936,0.24969237,0.14790313,0.18816854
729,pop,99.38401442307692,99.38401442307692,99.38401442307692,0.21539722,0.16015902,0.1776894
730,pop,161.4990234375,80.74951171875,161.4990234375,0.27255824,0.16974525,0.21677837
731,pop,95.703125,95.703125,95.703125,0.26986653,0.17060749,0.21927792
732,pop,95.703125,95.703125,95.703125,0.27632278,0.16892731,0.23060744
733,pop,95.703125,95.703125,95.703125,0.26577455,0.17376286,0.2228932
734,pop,99.38401442307692,99.38401442307692,99.38401442307692,0.22103824,0.27409947,0.19091266
735,pop,95.703125,95.703125,95.703125,0.2875924,0.15441453,0.22940521
736,pop,107.666015625,107.666015625,107.666015625,0.26332435,0.14610985,0.2357938
737,pop,99.38401442307692,95.703125,99.38401442307692,0.2447324,0.22184135,0.20409231
738,pop,103.359375,103.359375,103.359375,0.26430044,0.17601538,0.23643327
739,pop,92.28515625,92.28515625,92.28515625,0.34577182,0.22486821,0.28067484
740,pop,83.35433467741936,83.35433467741936,83.35433467741936,0.32312393,0.19077563,0.25679988
741,pop,129.19921875,107.666015625,129.19921875,0.21978702,0.13070454,0.19240038
742,pop,107.666015625,107.666015625,107.666015625,0.2597879,0.14990804,0.20982131
743,pop,92.28515625,92.28515625,92.28515625,0.2482931,0.16130516,0.19730113
744,pop,135.99917763157896,135.99917763157896,89.10290948275862,0.2058777,0.14415608,0.16015254
745,pop,117.45383522727273,117.45383522727273,117.45383522727273,0.26593733,0.20130037,0.204519
746,pop,117.45383522727273,117.45383522727273,117.45383522727273,0.17215328,0.13485807,0.15432882
747,pop,117.45383522727273,117.45383522727273,117.45383522727273,0.1686109,0.1425668,0.14448376
748,pop,112.34714673913044,112.34714673913044,112.34714673913044,0.2918701,0.22425988,0.22956339
749,pop,129.19921875,129.19921875,129.19921875,0.2744014,0.18118681,0.22219448
750,pop,58.72691761363637,58.72691761363637,117.45383522727273,0.44082,0.3038586,0.2157053
751,pop,143.5546875,143.5546875,143.5546875,0.20082013,0.1438635,0.17295647
752,pop,112.34714673913044,112.34714673913044,112.34714673913044,0.240168,0.1854472,0.20284751
753,pop,103.359375,103.359375,103.359375,0.21659432,0.16217373,0.17384449
754,pop,161.4990234375,86.1328125,161.4990234375,0.12232165,0.18141328,0.13361982
755,pop,129.19921875,99.38401442307692,95.703125,0.17023392,0.14754796,0.16937791
756,pop,103.359375,103.359375,103.359375,0.23814964,0.2215311,0.21589747
757,pop,89.10290948275862,89.10290948275862,89.10290948275862,0.2440154,0.18385679,0.20176968
758,pop,103.359375,103.359375,103.359375,0.22100061,0.16033496,0.17091654
759,pop,99.38401442307692,99.38401442307692,99.38401442307692,0.22388953,0.14970382,0.18097082
760,pop,89.10290948275862,89.10290948275862,89.10290948275862,0.24764779,0.17630036,0.20769544
761,pop,129.19921875,172.265625,95.703125,0.17023392,0.11853518,0.17077185
762,pop,95.703125,95.703125,95.703125,0.21718885,0.15711066,0.1947622
763,pop,161.4990234375,107.666015625,161.4990234375,0.17705113,0.11913356,0.15886873
764,pop,80.74951171875,123.046875,123.046875,0.19644396,0.13981122,0.1458861
765,pop,129.19921875,129.19921875,129.19921875,0.25187576,0.1319111,0.21356767
766,pop,117.45383522727273,117.45383522727273,117.45383522727273,0.3208996,0.19856995,0.27803752
767,pop,80.74951171875,80.74951171875,80.74951171875,0.2669282,0.21461678,0.20716448
768,pop,112.34714673913044,112.34714673913044,112.34714673913044,0.21955694,0.19482574,0.16787039
769,pop,129.19921875,129.19921875,129.19921875,0.16259228,0.12674572,0.14920156
770,pop,107.666015625,107.666015625,107.666015625,0.21131577,0.13842702,0.1898611
771,pop,123.046875,123.046875,123.046875,0.25499338,0.19496398,0.21733518
772,pop,112.34714673913044,112.34714673913044,112.34714673913044,0.21955694,0.20517272,0.16760644
773,pop,117.45383522727273,117.45383522727273,117.45383522727273,0.28261173,0.14094236,0.2549364
774,pop,129.19921875,129.19921875,129.19921875,0.20184515,0.17212757,0.17234336
775,pop,83.35433467741936,89.10290948275862,83.35433467741936,0.3221928,0.19069685,0.2809572
776,pop,95.703125,95.703125,95.703125,0.2758077,0.18078303,0.22094183
777,pop,215.33203125,151.99908088235293,143.5546875,0.16865598,0.12267851,0.14684704
778,pop,112.34714673913044,112.34714673913044,112.34714673913044,0.3029815,0.16246775,0.23940563
779,pop,103.359375,103.359375,103.359375,0.21512106,0.15306696,0.17986876
780,pop,112.34714673913044,135.99917763157896,112.34714673913044,0.31067294,0.13744844,0.2712986
781,pop,112.34714673913044,107.666015625,112.34714673913044,0.28949568,0.22883405,0.23636506
782,pop,143.5546875,99.38401442307692,143.5546875,0.21953382,0.15152356,0.18928474
783,pop,129.19921875,129.19921875,129.19921875,0.1996531,0.17346251,0.17110345
784,pop,123.046875,123.046875,123.046875,0.23891707,0.19219126,0.19403207
785,pop,99.38401442307692,99.38401442307692,99.38401442307692,0.21541253,0.18408257,0.1737991
786,pop,117.45383522727273,117.45383522727273,117.45383522727273,0.30947378,0.17980987,0.26443014
787,pop,129.19921875,129.19921875,129.19921875,0.2580863,0.15481366,0.22023652
788,pop,103.359375,103.359375,103.359375,0.21579164,0.14973202,0.16951565
789,pop,99.38401442307692,99.38401442307692,99.38401442307692,0.22963814,0.13200393,0.18531351
790,pop,99.38401442307692,99.38401442307692,99.38401442307692,0.29065832,0.1540408,0.2308615
791,pop,103.359375,135.99917763157896,103.359375,0.21003345,0.13428989,0.1646345
792,pop,117.45383522727273,117.45383522727273,117.45383522727273,0.22444458,0.1664223,0.17015177
793,pop,107.666015625,107.666015625,107.666015625,0.20357962,0.1832402,0.16463271
794,pop,135.99917763157896,135.99917763157896,135.99917763157896,0.23655275,0.18441431,0.20714654
795,pop,151.99908088235293,151.99908088235293,151.99908088235293,0.21272072,0.179458,0.17226581
796,pop,103.359375,103.359375,103.359375,0.23931956,0.17517965,0.189966
797,pop,92.28515625,92.28515625,92.28515625,0.31253126,0.27011895,0.24627833
798,pop,99.38401442307692,99.38401442307692,99.38401442307692,0.32181972,0.17970881,0.254978
799,pop,117.45383522727273,117.45383522727273,117.45383522727273,0.26758137,0.19209921,0.22841068
800,pop,78.30255681818181,78.30255681818181,78.30255681818181,0.40057522,0.23052569,0.30090138
801,reggae,123.046875,123.046875,123.046875,0.2644203,0.21671739,0.21351677
802,reggae,151.99908088235293,161.4990234375,151.99908088235293,0.31010252,0.18347742,0.2785407
803,reggae,103.359375,103.359375,103.359375,0.23347671,0.18053754,0.2033862
804,reggae,143.5546875,151.99908088235293,151.99908088235293,0.27715966,0.22138594,0.22294715
805,reggae,123.046875,123.046875,123.046875,0.26497808,0.19208919,0.21472494
806,reggae,161.4990234375,151.99908088235293,161.4990234375,0.17947538,0.16473839,0.14300217
807,reggae,75.99954044117646,151.99908088235293,75.99954044117646,0.2452756,0.18669698,0.20809558
808,reggae,151.99908088235293,151.99908088235293,151.99908088235293,0.24459781,0.19123514,0.20114169
809,reggae,95.703125,95.703125,95.703125,0.23356122,0.19775379,0.18182261
810,reggae,161.4990234375,78.30255681818181,161.4990234375,0.22683308,0.19620468,0.19056693
811,reggae,117.45383522727273,112.34714673913044,112.34714673913044,0.19363932,0.15196572,0.17380269
812,reggae,123.046875,123.046875,123.046875,0.31961,0.23415048,0.2597595
813,reggae,129.19921875,129.19921875,129.19921875,0.22591688,0.17253844,0.18774745
814,reggae,123.046875,123.046875,123.046875,0.22243327,0.19213589,0.18244249
815,reggae,129.19921875,129.19921875,129.19921875,0.2757948,0.22652318,0.21863903
816,reggae,129.19921875,129.19921875,129.19921875,0.25684503,0.2137946,0.20310666
817,reggae,143.5546875,143.5546875,143.5546875,0.24458657,0.1526382,0.2018147
818,reggae,129.19921875,129.19921875,129.19921875,0.26792985,0.20182846,0.22114448
819,reggae,151.99908088235293,151.99908088235293,151.99908088235293,0.20198384,0.18061428,0.16795152
820,reggae,143.5546875,143.5546875,143.5546875,0.22181457,0.14175476,0.18647286
821,reggae,129.19921875,129.19921875,129.19921875,0.26703832,0.21727943,0.19957511
822,reggae,151.99908088235293,151.99908088235293,151.99908088235293,0.24159595,0.15450968,0.21234444
823,reggae,151.99908088235293,151.99908088235293,151.99908088235293,0.23969425,0.19233453,0.20046203
824,reggae,129.19921875,129.19921875,129.19921875,0.25341356,0.20185173,0.20647442
825,reggae,135.99917763157896,135.99917763157896,135.99917763157896,0.26574185,0.20211352,0.21443912
826,reggae,123.046875,123.046875,123.046875,0.267824,0.21574138,0.21977903
827,reggae,135.99917763157896,135.99917763157896,135.99917763157896,0.26592362,0.17848033,0.21398665
828,reggae,135.99917763157896,135.99917763157896,135.99917763157896,0.22680809,0.20252061,0.18701845
829,reggae,78.30255681818181,78.30255681818181,78.30255681818181,0.32235283,0.22259578,0.26051366
830,reggae,151.99908088235293,151.99908088235293,151.99908088235293,0.23295812,0.22484419,0.19528364
831,reggae,75.99954044117646,75.99954044117646,151.99908088235293,0.26700106,0.26306033,0.16478895
832,reggae,161.4990234375,161.4990234375,161.4990234375,0.2195123,0.18900402,0.17607623
833,reggae,151.99908088235293,151.99908088235293,151.99908088235293,0.2493543,0.17518012,0.22162235
834,reggae,89.10290948275862,89.10290948275862,89.10290948275862,0.28480166,0.28517053,0.2365015
835,reggae,184.5703125,184.5703125,184.5703125,0.2093835,0.17284995,0.17903174
836,reggae,107.666015625,107.666015625,107.666015625,0.17859001,0.16620693,0.14406873
837,reggae,86.1328125,86.1328125,86.1328125,0.27582407,0.26763216,0.24003792
838,reggae,151.99908088235293,151.99908088235293,151.99908088235293,0.22968827,0.20085914,0.19344504
839,reggae,95.703125,95.703125,95.703125,0.3361345,0.2584303,0.26815635
840,reggae,151.99908088235293,151.99908088235293,151.99908088235293,0.27833447,0.18466143,0.2318111
841,reggae,92.28515625,198.76802884615384,92.28515625,0.2901583,0.11708653,0.26962712
842,reggae,143.5546875,143.5546875,143.5546875,0.1618711,0.14341974,0.14345638
843,reggae,123.046875,123.046875,123.046875,0.25622174,0.19194393,0.20743221
844,reggae,151.99908088235293,78.30255681818181,151.99908088235293,0.18653925,0.16200492,0.15889432
845,reggae,172.265625,172.265625,172.265625,0.22762567,0.19475614,0.18701635
846,reggae,161.4990234375,161.4990234375,161.4990234375,0.21911809,0.13600974,0.17285055
847,reggae,172.265625,86.1328125,172.265625,0.21135782,0.19442743,0.17509615
848,reggae,143.5546875,143.5546875,143.5546875,0.2341772,0.18853278,0.1905616
849,reggae,89.10290948275862,89.10290948275862,89.10290948275862,0.23440054,0.15611713,0.19997676
850,reggae,95.703125,107.666015625,95.703125,0.3181284,0.24482313,0.2545546
851,reggae,95.703125,95.703125,95.703125,0.22536029,0.17625867,0.1715896
852,reggae,86.1328125,107.666015625,86.1328125,0.18489712,0.15117176,0.15782188
853,reggae,99.38401442307692,103.359375,99.38401442307692,0.21198882,0.12679492,0.18074933
854,reggae,75.99954044117646,151.99908088235293,75.99954044117646,0.23608474,0.13183682,0.20564355
855,reggae,143.5546875,151.99908088235293,151.99908088235293,0.25860652,0.19880642,0.22319992
856,reggae,129.19921875,129.19921875,129.19921875,0.17349541,0.15256248,0.16190049
857,reggae,161.4990234375,78.30255681818181,161.4990234375,0.18025549,0.19636425,0.14794333
858,reggae,95.703125,95.703125,95.703125,0.22562812,0.17779396,0.1771232
859,reggae,123.046875,123.046875,123.046875,0.23243566,0.20593955,0.18829942
860,reggae,151.99908088235293,151.99908088235293,151.99908088235293,0.26076743,0.18098351,0.20917127
861,reggae,112.34714673913044,112.34714673913044,112.34714673913044,0.19051085,0.13946868,0.16402224
862,reggae,92.28515625,92.28515625,92.28515625,0.23071568,0.15527329,0.18085366
863,reggae,151.99908088235293,151.99908088235293,151.99908088235293,0.22096379,0.14918664,0.18581842
864,reggae,184.5703125,92.28515625,92.28515625,0.2099315,0.19783378,0.18162678
865,reggae,172.265625,172.265625,172.265625,0.20213684,0.1446507,0.17291003
866,reggae,89.10290948275862,172.265625,89.10290948275862,0.2821731,0.13815477,0.23165469
867,reggae,161.4990234375,80.74951171875,161.4990234375,0.2756736,0.240762,0.21931487
868,reggae,83.35433467741936,83.35433467741936,83.35433467741936,0.25771117,0.17802906,0.20586497
869,reggae,135.99917763157896,135.99917763157896,135.99917763157896,0.2580023,0.17785078,0.20289536
870,reggae,143.5546875,143.5546875,143.5546875,0.16451837,0.14484838,0.14404054
871,reggae,172.265625,89.10290948275862,172.265625,0.20367983,0.17356557,0.17387833
872,reggae,143.5546875,135.99917763157896,143.5546875,0.2647027,0.18606524,0.22914577
873,reggae,112.34714673913044,151.99908088235293,112.34714673913044,0.20320602,0.12358255,0.171471
874,reggae,83.35433467741936,83.35433467741936,172.265625,0.29206657,0.15657559,0.16783288
875,reggae,172.265625,83.35433467741936,172.265625,0.20848289,0.15071481,0.17350426
876,reggae,143.5546875,143.5546875,143.5546875,0.22763471,0.18096234,0.19310291
877,reggae,161.4990234375,161.4990234375,161.4990234375,0.27228013,0.17017423,0.22021008
878,reggae,143.5546875,151.99908088235293,143.5546875,0.26493672,0.19318622,0.22263747
879,reggae,161.4990234375,161.4990234375,161.4990234375,0.2162956,0.16537605,0.18959863
880,reggae,151.99908088235293,151.99908088235293,151.99908088235293,0.20101017,0.14929362,0.17506227
881,reggae,99.38401442307692,99.38401442307692,103.359375,0.24514595,0.14816937,0.21225594
882,reggae,99.38401442307692,99.38401442307692,103.359375,0.2563862,0.15130001,0.21275026
883,reggae,99.38401442307692,99.38401442307692,103.359375,0.2563862,0.15044804,0.21207078
884,reggae,129.19921875,129.19921875,129.19921875,0.2213266,0.15752502,0.18002835
885,reggae,198.76802884615384,129.19921875,99.38401442307692,0.17373583,0.12275422,0.15487055
886,reggae,86.1328125,86.1328125,172.265625,0.24713336,0.18361707,0.16715208
887,reggae,129.19921875,129.19921875,129.19921875,0.104279034,0.11770027,0.0964314
888,reggae,83.35433467741936,83.35433467741936,83.35433467741936,0.2627868,0.16244967,0.21263863
889,reggae,107.666015625,107.666015625,107.666015625,0.22545443,0.16221857,0.18934995
890,reggae,151.99908088235293,75.99954044117646,151.99908088235293,0.18117847,0.2252552,0.16103685
891,reggae,151.99908088235293,151.99908088235293,151.99908088235293,0.2086436,0.1738326,0.17882009
892,reggae,143.5546875,143.5546875,143.5546875,0.22457562,0.17595899,0.19457681
893,reggae,143.5546875,143.5546875,143.5546875,0.21538347,0.1700503,0.1926589
894,reggae,89.10290948275862,89.10290948275862,92.28515625,0.2744492,0.2032272,0.21982414
895,reggae,129.19921875,123.046875,123.046875,0.19784507,0.13817598,0.17937815
896,reggae,123.046875,123.046875,123.046875,0.191747,0.14325805,0.17109661
897,reggae,89.10290948275862,172.265625,89.10290948275862,0.23992059,0.13012542,0.20364262
898,reggae,161.4990234375,161.4990234375,161.4990234375,0.2065984,0.13159159,0.1803332
899,reggae,123.046875,123.046875,123.046875,0.23191956,0.15404917,0.20796098
900,reggae,117.45383522727273,117.45383522727273,117.45383522727273,0.20764679,0.22095223,0.19118777
901,rock,123.046875,123.046875,123.046875,0.2751654,0.17186008,0.2088329
902,rock,151.99908088235293,151.99908088235293,151.99908088235293,0.25275993,0.15586047,0.21429555
903,rock,107.666015625,107.666015625,107.666015625,0.38860425,0.17422444,0.3013928
904,rock,95.703125,129.19921875,95.703125,0.29856554,0.1198924,0.23691702
905,rock,103.359375,103.359375,103.359375,0.2693739,0.16441683,0.21583426
906,rock,99.38401442307692,99.38401442307692,99.38401442307692,0.2897771,0.17103168,0.25400946
907,rock,112.34714673913044,117.45383522727273,112.34714673913044,0.25839713,0.17548,0.20828688
908,rock,89.10290948275862,92.28515625,89.10290948275862,0.3673561,0.18572439,0.30839917
909,rock,172.265625,92.28515625,89.10290948275862,0.19721745,0.19003305,0.21726114
910,rock,75.99954044117646,75.99954044117646,151.99908088235293,0.46115524,0.23005234,0.26170486
911,rock,161.4990234375,161.4990234375,161.4990234375,0.17394736,0.14099039,0.14924681
912,rock,117.45383522727273,117.45383522727273,117.45383522727273,0.24769115,0.16522959,0.18943493
913,rock,112.34714673913044,112.34714673913044,112.34714673913044,0.24613997,0.14530136,0.2096665
914,rock,123.046875,92.28515625,123.046875,0.22128135,0.16019653,0.17383794
915,rock,117.45383522727273,117.45383522727273,117.45383522727273,0.2150429,0.13702744,0.18059617
916,rock,135.99917763157896,135.99917763157896,135.99917763157896,0.17486562,0.14661773,0.1632413
917,rock,143.5546875,143.5546875,143.5546875,0.23970409,0.13188854,0.21705253
918,rock,123.046875,123.046875,123.046875,0.26694036,0.17044798,0.23215929
919,rock,117.45383522727273,117.45383522727273,117.45383522727273,0.28700206,0.15747745,0.2534184
920,rock,117.45383522727273,123.046875,123.046875,0.3035546,0.13780713,0.2637594
921,rock,99.38401442307692,99.38401442307692,99.38401442307692,0.20868425,0.20706503,0.19714306
922,rock,184.5703125,135.99917763157896,184.5703125,0.15794164,0.14901274,0.14240946
923,rock,198.76802884615384,198.76802884615384,99.38401442307692,0.1489378,0.13788874,0.17921501
924,rock,73.828125,73.828125,75.99954044117646,0.4578503,0.28792587,0.36564693
925,rock,73.828125,73.828125,151.99908088235293,0.30382812,0.23414384,0.20335583
926,rock,103.359375,103.359375,103.359375,0.26937258,0.16583784,0.24904737
927,rock,112.34714673913044,117.45383522727273,112.34714673913044,0.3359946,0.16529278,0.290979
928,rock,151.99908088235293,151.99908088235293,151.99908088235293,0.1573531,0.117863595,0.1487315
929,rock,135.99917763157896,135.99917763157896,135.99917763157896,0.20206761,0.12828194,0.17215322
930,rock,123.046875,129.19921875,123.046875,0.1942458,0.13667548,0.16951299
931,rock,117.45383522727273,112.34714673913044,117.45383522727273,0.13637935,0.147191,0.1264482
932,rock,117.45383522727273,117.45383522727273,117.45383522727273,0.20278564,0.14979342,0.1919511
933,rock,92.28515625,89.10290948275862,92.28515625,0.30797747,0.15880679,0.27335376
934,rock,117.45383522727273,117.45383522727273,117.45383522727273,0.23368697,0.13741297,0.20102504
935,rock,135.99917763157896,135.99917763157896,135.99917763157896,0.17877911,0.13499273,0.17242669
936,rock,129.19921875,129.19921875,129.19921875,0.22350073,0.13710777,0.18656103
937,rock,135.99917763157896,135.99917763157896,135.99917763157896,0.20643741,0.11760221,0.15815096
938,rock,129.19921875,129.19921875,129.19921875,0.21388727,0.14271748,0.18405162
939,rock,135.99917763157896,129.19921875,135.99917763157896,0.24908707,0.13144529,0.20203595
940,rock,143.5546875,99.38401442307692,143.5546875,0.23617993,0.1390301,0.20686531
941,rock,112.34714673913044,103.359375,112.34714673913044,0.22067064,0.13792883,0.1901976
942,rock,117.45383522727273,117.45383522727273,117.45383522727273,0.24782422,0.12823768,0.20841457
943,rock,161.4990234375,161.4990234375,161.4990234375,0.24593306,0.1386536,0.21463266
944,rock,89.10290948275862,172.265625,89.10290948275862,0.28830153,0.12771223,0.24093929
945,rock,92.28515625,92.28515625,92.28515625,0.29372823,0.16858716,0.24252178
946,rock,151.99908088235293,151.99908088235293,151.99908088235293,0.22057948,0.13786642,0.20269524
947,rock,103.359375,103.359375,103.359375,0.23746589,0.15252718,0.19815065
948,rock,107.666015625,107.666015625,107.666015625,0.27638885,0.1269642,0.2282309
949,rock,129.19921875,129.19921875,129.19921875,0.24912344,0.12177262,0.21316193
950,rock,112.34714673913044,112.34714673913044,112.34714673913044,0.22840557,0.20718518,0.18344264
951,rock,123.046875,123.046875,123.046875,0.33975327,0.23094265,0.2838509
952,rock,172.265625,117.45383522727273,89.10290948275862,0.2325996,0.1377024,0.21830527
953,rock,129.19921875,143.5546875,129.19921875,0.17154318,0.139061,0.12926029
954,rock,117.45383522727273,117.45383522727273,117.45383522727273,0.31588283,0.15443037,0.25377822
955,rock,107.666015625,107.666015625,107.666015625,0.20048653,0.14221089,0.17893335
956,rock,129.19921875,129.19921875,129.19921875,0.17439805,0.17230164,0.1503662
957,rock,135.99917763157896,135.99917763157896,135.99917763157896,0.357835,0.16176744,0.30392992
958,rock,123.046875,123.046875,123.046875,0.27173042,0.14548825,0.2342036
959,rock,135.99917763157896,135.99917763157896,135.99917763157896,0.12865168,0.112334006,0.12859216
960,rock,117.45383522727273,117.45383522727273,117.45383522727273,0.23090144,0.16928557,0.20435503
961,rock,89.10290948275862,89.10290948275862,89.10290948275862,0.2526364,0.16524328,0.20913115
962,rock,80.74951171875,123.046875,80.74951171875,0.24115762,0.15985814,0.19560112
963,rock,123.046875,123.046875,123.046875,0.26064533,0.18749,0.18561657
964,rock,75.99954044117646,129.19921875,129.19921875,0.2248763,0.12919526,0.17606506
965,rock,151.99908088235293,151.99908088235293,151.99908088235293,0.18802,0.15117508,0.15619977
966,rock,123.046875,123.046875,123.046875,0.2395021,0.15576698,0.1923881
967,rock,75.99954044117646,78.30255681818181,151.99908088235293,0.3660327,0.24143654,0.21625254
968,rock,103.359375,103.359375,103.359375,0.27113944,0.16310546,0.22010702
969,rock,123.046875,123.046875,123.046875,0.21441883,0.15957558,0.17960535
970,rock,172.265625,172.265625,172.265625,0.18117191,0.13656448,0.15479408
971,rock,172.265625,112.34714673913044,172.265625,0.19533055,0.16336936,0.14516482
972,rock,112.34714673913044,112.34714673913044,112.34714673913044,0.21163876,0.18136841,0.17269029
973,rock,103.359375,103.359375,103.359375,0.2674355,0.19499163,0.21163203
974,rock,95.703125,92.28515625,95.703125,0.25641653,0.18491155,0.19543163
975,rock,112.34714673913044,112.34714673913044,112.34714673913044,0.32063282,0.21421996,0.2670294
976,rock,117.45383522727273,117.45383522727273,117.45383522727273,0.2312286,0.18538576,0.18253762
977,rock,95.703125,95.703125,95.703125,0.34827378,0.2306913,0.28623837
978,rock,107.666015625,107.666015625,107.666015625,0.26690683,0.19851908,0.2012123
979,rock,99.38401442307692,99.38401442307692,99.38401442307692,0.28084382,0.18448403,0.21439612
980,rock,123.046875,123.046875,123.046875,0.2684687,0.15273175,0.22207493
981,rock,117.45383522727273,117.45383522727273,117.45383522727273,0.27511024,0.16165054,0.24104169
982,rock,117.45383522727273,117.45383522727273,117.45383522727273,0.31104094,0.15357547,0.25827804
983,rock,99.38401442307692,99.38401442307692,99.38401442307692,0.3223543,0.14101492,0.26746085
984,rock,123.046875,123.046875,123.046875,0.38333464,0.22863247,0.31269777
985,rock,129.19921875,129.19921875,129.19921875,0.28488496,0.14250033,0.24524339
986,rock,184.5703125,99.38401442307692,95.703125,0.19102477,0.1844657,0.21320441
987,rock,129.19921875,129.19921875,129.19921875,0.19000289,0.141599,0.16622518
988,rock,129.19921875,129.19921875,129.19921875,0.30116615,0.18702559,0.251505
989,rock,92.28515625,123.046875,92.28515625,0.30784157,0.1375108,0.24048766
990,rock,107.666015625,107.666015625,107.666015625,0.32660812,0.2000458,0.24190149
991,rock,123.046875,117.45383522727273,123.046875,0.18908797,0.13424136,0.16838081
992,rock,143.5546875,143.5546875,143.5546875,0.20854329,0.12495284,0.17368735
993,rock,129.19921875,129.19921875,129.19921875,0.2060149,0.14872879,0.19270009
994,rock,103.359375,103.359375,103.359375,0.1767116,0.1571076,0.16331853
995,rock,112.34714673913044,112.34714673913044,112.34714673913044,0.19649933,0.15952592,0.18682086
996,rock,103.359375,103.359375,103.359375,0.23121554,0.19402315,0.19647184
997,rock,117.45383522727273,117.45383522727273,117.45383522727273,0.25076494,0.16562681,0.210237
998,rock,129.19921875,129.19921875,129.19921875,0.24657911,0.17374484,0.21180877
999,rock,73.828125,112.34714673913044,73.828125,0.20243765,0.1564392,0.17529744
1000,rock,123.046875,123.046875,123.046875,0.20905057,0.16151197,0.17998162
